team,season,games,points_allowed,def_sacks,def_interceptions,def_fumbles_forced,def_tds,def_safeties,def_pass_defended,def_tackles_for_loss,source
ARI,1999,16,382,33,17,23,3,0,58,41,nflverse
ATL,1999,16,380,39,12,9,1,1,72,60,nflverse
BAL,1999,15,277,46,19,13,4,1,98,70,nflverse
BUF,1999,16,229,37,12,10,0,0,73,45,nflverse
CAR,1999,16,381,35,15,17,0,0,104,60,nflverse
CHI,1999,16,341,37,14,22,1,0,68,46,nflverse
CIN,1999,16,460,35,12,17,1,0,80,59,nflverse
CLE,1999,16,437,25,8,13,0,0,66,55,nflverse
DAL,1999,16,276,35,24,14,4,1,78,56,nflverse
DEN,1999,16,318,50,15,21,1,2,72,72,nflverse
DET,1999,16,323,49,16,25,1,1,88,67,nflverse
GB,1999,16,341,30,26,19,1,1,76,40,nflverse
IND,1999,16,333,41,10,18,1,0,92,60,nflverse
JAX,1999,16,217,57,19,23,3,3,79,74,nflverse
KC,1999,16,322,40,25,19,5,0,94,63,nflverse
MIA,1999,16,336,39,18,13,1,1,77,70,nflverse
MIN,1999,16,335,46,12,21,1,1,58,58,nflverse
NE,1999,16,284,42,16,17,2,0,54,72,nflverse
NO,1999,16,434,45,19,19,0,0,102,60,nflverse
NYG,1999,16,358,32,17,14,2,0,72,56,nflverse
NYJ,1999,16,309,26,24,18,3,1,70,39,nflverse
OAK,1999,16,329,44,20,17,0,0,99,66,nflverse
PHI,1999,16,357,37,28,31,5,2,116,68,nflverse
PIT,1999,16,320,39,14,16,0,0,85,61,nflverse
SD,1999,16,316,41,15,16,0,1,82,82,nflverse
SEA,1999,16,298,37,30,10,3,0,103,68,nflverse
SF,1999,16,453,32,13,8,2,1,85,80,nflverse
STL,1999,15,242,52,27,13,0,1,94,63,nflverse
TB,1999,16,235,43,21,18,2,1,106,53,nflverse
TEN,1999,16,324,54,16,27,1,4,83,69,nflverse
WAS,1999,16,377,40,24,18,3,0,96,45,nflverse
ARI,2000,16,443,25,10,13,0,0,49,68,nflverse
ATL,2000,16,413,30,15,13,1,1,70,55,nflverse
BAL,2000,16,165,35,23,26,1,1,92,69,nflverse
BUF,2000,15,350,41,15,17,1,0,60,54,nflverse
CAR,2000,16,310,27,17,22,2,0,69,66,nflverse
CHI,2000,16,355,36,11,14,4,0,75,63,nflverse
CIN,2000,16,359,26,9,16,1,1,78,59,nflverse
CLE,2000,16,419,42,12,18,1,0,76,69,nflverse
DAL,2000,16,361,25,16,15,0,1,65,70,nflverse
DEN,2000,16,369,44,27,23,5,1,94,80,nflverse
DET,2000,16,307,28,25,24,2,0,96,51,nflverse
GB,2000,16,323,37,21,7,1,1,92,60,nflverse
IND,2000,16,326,42,14,10,2,2,64,61,nflverse
JAX,2000,16,327,40,12,17,0,0,74,71,nflverse
KC,2000,15,354,45,14,9,2,0,54,91,nflverse
MIA,2000,15,226,42,27,19,0,0,90,70,nflverse
MIN,2000,16,371,31,8,10,0,0,55,72,nflverse
NE,2000,16,338,29,10,18,0,0,68,45,nflverse
NO,2000,16,305,66,20,17,4,0,73,76,nflverse
NYG,2000,16,246,43,20,7,0,0,92,74,nflverse
NYJ,2000,16,321,40,21,16,1,0,87,62,nflverse
OAK,2000,16,299,43,21,20,0,2,92,85,nflverse
PHI,2000,16,245,50,19,17,2,0,102,88,nflverse
PIT,2000,16,255,39,17,18,0,1,85,68,nflverse
SD,2000,15,440,37,15,7,0,1,73,88,nflverse
SEA,2000,16,405,27,17,17,3,1,71,43,nflverse
SF,2000,16,422,38,13,15,2,0,84,66,nflverse
STL,2000,16,471,51,19,11,0,0,73,77,nflverse
TB,2000,16,269,55,25,13,4,1,93,75,nflverse
TEN,2000,16,191,55,17,26,4,0,89,89,nflverse
WAS,2000,16,269,45,17,15,0,1,68,78,nflverse
ARI,2001,16,343,19,17,11,3,0,73,49,nflverse
ATL,2001,16,377,37,18,15,0,0,72,69,nflverse
BAL,2001,16,265,47,17,23,5,0,99,84,nflverse
BUF,2001,16,420,36,11,17,5,0,65,76,nflverse
CAR,2001,16,410,26,24,15,1,0,81,68,nflverse
CHI,2001,16,203,48,20,24,3,1,100,79,nflverse
CIN,2001,16,309,52,14,16,7,1,79,99,nflverse
CLE,2001,16,319,46,34,21,6,1,133,83,nflverse
DAL,2001,16,338,24,9,17,3,0,70,58,nflverse
DEN,2001,16,339,39,22,15,1,0,87,82,nflverse
DET,2001,16,424,31,16,9,3,0,72,68,nflverse
GB,2001,16,266,53,20,22,4,1,107,68,nflverse
IND,2001,16,486,40,15,11,1,0,67,58,nflverse
JAC,2001,8,286,22,5,5,0,0,28,47,nflverse
KC,2001,16,344,33,15,21,5,2,62,74,nflverse
MIA,2001,16,290,37,17,19,5,0,85,57,nflverse
MIN,2001,16,390,30,8,15,1,0,70,74,nflverse
NE,2001,16,272,41,22,14,5,0,87,59,nflverse
NO,2001,16,409,53,15,20,0,1,64,74,nflverse
NYG,2001,16,321,46,15,15,1,0,84,82,nflverse
NYJ,2001,16,295,33,20,21,2,0,78,55,nflverse
OAK,2001,16,327,41,17,10,0,0,80,66,nflverse
PHI,2001,16,208,45,14,27,2,0,108,89,nflverse
PIT,2001,16,212,58,18,20,8,0,99,106,nflverse
SD,2001,16,321,41,19,16,0,0,74,70,nflverse
SEA,2001,16,324,38,14,24,2,1,78,54,nflverse
SF,2001,16,282,32,24,20,2,0,82,60,nflverse
STL,2001,16,273,45,21,16,0,0,81,80,nflverse
TB,2001,16,280,42,28,15,2,0,100,71,nflverse
TEN,2001,16,388,36,13,14,1,1,88,84,nflverse
WAS,2001,16,303,25,23,19,1,1,80,59,nflverse
ARI,2002,16,417,21,17,7,2,0,67,54,nflverse
ATL,2002,16,314,47,24,20,1,0,80,66,nflverse
BAL,2002,16,354,33,25,13,2,0,105,72,nflverse
BUF,2002,16,397,31,10,10,1,0,64,43,nflverse
CAR,2002,16,302,52,17,23,1,1,107,81,nflverse
CHI,2002,16,379,35,9,22,0,0,65,72,nflverse
CIN,2002,16,456,24,9,13,2,0,53,60,nflverse
CLE,2002,16,320,31,19,20,3,0,83,62,nflverse
DAL,2002,16,329,24,19,16,3,0,77,64,nflverse
DEN,2002,16,344,40,9,14,2,1,64,69,nflverse
DET,2002,16,451,33,10,19,1,0,96,61,nflverse
GB,2002,16,328,43,24,24,4,0,95,52,nflverse
HOU,2002,16,356,39,10,11,5,4,112,73,nflverse
IND,2002,16,313,37,10,26,6,0,76,63,nflverse
JAC,2002,8,315,17,6,8,0,1,42,31,nflverse
KC,2002,16,399,34,18,14,0,0,73,61,nflverse
MIA,2002,16,301,47,21,15,1,0,78,60,nflverse
MIN,2002,16,442,27,16,5,1,1,54,68,nflverse
NE,2002,16,346,34,18,16,3,0,78,49,nflverse
NO,2002,16,388,39,20,22,1,0,107,72,nflverse
NYG,2002,16,279,37,11,14,1,0,69,66,nflverse
NYJ,2002,16,336,32,17,14,4,0,88,52,nflverse
OAK,2002,16,304,43,21,11,0,0,97,79,nflverse
PHI,2002,16,241,61,15,30,5,0,106,99,nflverse
PIT,2002,16,345,52,20,13,6,0,102,74,nflverse
SD,2002,16,367,39,17,13,0,1,79,73,nflverse
SEA,2002,16,369,28,19,17,1,0,89,58,nflverse
SF,2002,16,351,32,19,15,1,0,90,58,nflverse
STL,2002,16,369,38,12,25,0,0,71,66,nflverse
TB,2002,16,196,43,31,18,4,2,102,63,nflverse
TEN,2002,16,324,40,18,15,5,0,88,70,nflverse
WAS,2002,16,365,42,17,20,3,1,93,97,nflverse
ARI,2003,16,452,20,13,14,1,0,70,0,nflverse
ATL,2003,16,422,36,15,23,3,0,56,0,nflverse
BAL,2003,16,281,48,24,23,4,0,104,0,nflverse
BUF,2003,16,279,38,10,15,2,3,72,0,nflverse
CAR,2003,16,304,38,16,14,3,1,81,0,nflverse
CHI,2003,16,346,19,15,13,1,0,77,0,nflverse
CIN,2003,16,384,30,14,16,0,0,74,0,nflverse
CLE,2003,16,322,34,15,14,1,0,70,0,nflverse
DAL,2003,16,260,34,13,19,2,2,94,0,nflverse
DEN,2003,16,301,35,9,18,1,1,95,0,nflverse
DET,2003,16,379,27,15,18,1,0,66,0,nflverse
GB,2003,16,307,34,21,17,2,0,92,0,nflverse
HOU,2003,16,380,19,14,11,1,0,108,0,nflverse
IND,2003,16,336,30,15,24,2,0,70,0,nflverse
JAX,2003,16,331,23,15,15,0,0,77,0,nflverse
KC,2003,16,332,36,25,15,3,0,80,0,nflverse
LA,2003,16,328,42,24,25,3,1,85,0,nflverse
LAC,2003,16,441,31,13,15,1,0,68,0,nflverse
LV,2003,16,379,25,14,12,2,1,56,0,nflverse
MIA,2003,16,261,45,22,18,2,1,77,0,nflverse
MIN,2003,16,353,37,28,19,4,2,90,0,nflverse
NE,2003,16,238,40,29,19,5,1,121,0,nflverse
NO,2003,16,326,31,14,20,2,1,102,0,nflverse
NYG,2003,16,387,45,10,21,2,0,71,0,nflverse
NYJ,2003,16,299,33,11,11,0,1,66,0,nflverse
PHI,2003,16,287,36,13,17,1,1,98,0,nflverse
PIT,2003,16,327,34,14,11,2,0,76,0,nflverse
SEA,2003,16,327,42,16,12,0,1,89,0,nflverse
SF,2003,16,337,42,23,15,1,1,90,0,nflverse
TB,2003,16,264,35,20,23,3,1,75,0,nflverse
TEN,2003,16,324,38,22,13,3,1,84,0,nflverse
WAS,2003,16,372,26,17,16,0,1,72,0,nflverse
ARI,2004,16,322,37,15,20,1,1,94,0,nflverse
ATL,2004,16,337,47,19,18,4,0,80,0,nflverse
BAL,2004,16,268,39,21,17,5,0,81,0,nflverse
BUF,2004,16,284,46,24,21,4,1,83,0,nflverse
CAR,2004,16,339,34,26,19,2,0,96,0,nflverse
CHI,2004,16,331,32,17,17,5,3,86,0,nflverse
CIN,2004,16,372,35,20,24,4,0,87,0,nflverse
CLE,2004,16,390,32,15,12,1,0,69,0,nflverse
DAL,2004,16,405,33,13,15,0,1,72,0,nflverse
DEN,2004,16,304,38,12,17,2,0,93,0,nflverse
DET,2004,16,350,38,14,17,1,1,80,0,nflverse
GB,2004,16,380,40,8,13,2,0,68,0,nflverse
HOU,2004,16,339,23,22,10,2,0,103,0,nflverse
IND,2004,16,351,45,19,26,3,0,69,0,nflverse
JAX,2004,16,280,34,16,14,0,2,69,0,nflverse
KC,2004,16,435,41,13,13,1,0,64,0,nflverse
LA,2004,16,392,36,6,13,0,0,66,0,nflverse
LAC,2004,16,313,29,23,11,1,1,103,0,nflverse
LV,2004,16,442,26,9,10,1,1,74,0,nflverse
MIA,2004,16,354,36,15,18,0,1,84,0,nflverse
MIN,2004,16,395,38,11,17,1,0,70,0,nflverse
NE,2004,16,260,46,20,22,1,0,73,0,nflverse
NO,2004,16,405,37,13,24,0,1,68,0,nflverse
NYG,2004,16,347,40,14,18,0,0,77,0,nflverse
NYJ,2004,16,261,36,19,18,2,0,81,0,nflverse
PHI,2004,16,260,45,17,19,2,0,107,0,nflverse
PIT,2004,16,251,40,19,21,3,1,86,0,nflverse
SEA,2004,16,373,36,23,19,3,0,89,0,nflverse
SF,2004,16,452,29,9,18,0,1,79,0,nflverse
TB,2004,16,304,44,16,15,1,0,85,0,nflverse
TEN,2004,16,439,32,18,11,1,0,75,0,nflverse
WAS,2004,16,265,39,18,13,1,0,74,0,nflverse
ARI,2005,16,387,37,15,19,3,0,69,0,nflverse
ATL,2005,16,341,37,16,14,0,1,71,0,nflverse
BAL,2005,16,299,41,12,19,1,0,71,0,nflverse
BUF,2005,16,367,38,17,16,1,1,77,0,nflverse
CAR,2005,16,259,42,23,17,2,0,95,0,nflverse
CHI,2005,16,202,40,24,20,4,0,95,0,nflverse
CIN,2005,16,350,26,31,19,1,0,76,0,nflverse
CLE,2005,16,301,25,15,12,0,0,71,0,nflverse
DAL,2005,16,308,37,15,15,2,0,84,0,nflverse
DEN,2005,16,258,28,20,21,3,1,108,0,nflverse
DET,2005,16,345,29,19,20,2,1,70,0,nflverse
GB,2005,16,344,34,10,13,2,0,70,0,nflverse
HOU,2005,16,431,37,7,20,0,0,72,0,nflverse
IND,2005,16,247,45,18,27,2,0,72,0,nflverse
JAX,2005,16,269,45,20,15,2,0,82,0,nflverse
KC,2005,16,325,28,16,19,1,0,90,0,nflverse
LA,2005,16,429,39,13,19,2,1,66,0,nflverse
LAC,2005,16,312,46,10,16,2,0,94,0,nflverse
LV,2005,16,383,36,5,15,0,0,68,0,nflverse
MIA,2005,16,317,48,14,23,0,3,84,0,nflverse
MIN,2005,16,344,33,24,12,3,0,86,0,nflverse
NE,2005,16,338,32,11,7,2,0,69,0,nflverse
NO,2005,16,398,26,10,9,0,0,66,0,nflverse
NYG,2005,16,314,41,17,19,1,0,88,0,nflverse
NYJ,2005,16,355,31,21,16,2,0,64,0,nflverse
PHI,2005,16,388,29,17,22,1,0,129,0,nflverse
PIT,2005,16,258,47,15,21,0,1,84,0,nflverse
SEA,2005,16,271,46,16,17,2,0,97,0,nflverse
SF,2005,16,428,27,16,13,3,0,93,0,nflverse
TB,2005,16,274,35,17,17,0,1,80,0,nflverse
TEN,2005,16,421,41,9,13,2,1,62,0,nflverse
WAS,2005,16,293,32,16,18,1,0,88,0,nflverse
ARI,2006,16,389,38,16,20,1,0,84,0,nflverse
ATL,2006,16,328,37,12,19,1,0,75,0,nflverse
BAL,2006,16,201,60,28,13,5,2,111,0,nflverse
BUF,2006,16,311,35,13,16,2,0,87,0,nflverse
CAR,2006,16,305,41,14,16,2,1,77,0,nflverse
CHI,2006,16,255,38,23,28,1,1,84,0,nflverse
CIN,2006,16,331,35,19,14,1,0,99,0,nflverse
CLE,2006,16,356,30,18,8,1,0,82,0,nflverse
DAL,2006,16,350,34,18,20,3,0,96,0,nflverse
DEN,2006,16,305,37,17,22,2,0,77,0,nflverse
DET,2006,16,398,27,12,18,1,1,57,0,nflverse
GB,2006,16,366,46,23,16,4,0,97,0,nflverse
HOU,2006,16,366,28,11,13,1,0,65,0,nflverse
IND,2006,16,360,24,15,20,0,0,62,0,nflverse
JAX,2006,16,274,35,20,8,1,0,86,0,nflverse
KC,2006,16,315,31,15,22,0,0,64,0,nflverse
LA,2006,16,381,33,17,18,1,0,63,0,nflverse
LAC,2006,16,303,60,16,17,0,0,103,0,nflverse
LV,2006,16,332,34,18,9,2,1,66,0,nflverse
MIA,2006,16,283,47,8,26,2,0,85,0,nflverse
MIN,2006,16,327,29,21,14,3,0,71,0,nflverse
NE,2006,16,237,43,22,13,0,1,70,0,nflverse
NO,2006,16,322,38,11,15,0,0,69,0,nflverse
NYG,2006,16,362,32,17,17,2,1,97,1,nflverse
NYJ,2006,16,295,35,16,12,0,0,60,0,nflverse
PHI,2006,16,328,40,19,19,4,0,124,0,nflverse
PIT,2006,16,315,38,20,12,2,0,84,0,nflverse
SEA,2006,16,341,41,12,18,1,0,79,0,nflverse
SF,2006,16,412,34,14,17,1,1,65,0,nflverse
TB,2006,16,353,26,11,19,3,0,66,0,nflverse
TEN,2006,16,400,26,17,10,2,2,78,0,nflverse
WAS,2006,16,376,20,6,13,0,1,82,0,nflverse
ARI,2007,16,399,36,18,13,6,0,68,0,nflverse
ATL,2007,16,414,25,16,16,0,0,72,0,nflverse
BAL,2007,16,384,32,17,11,1,0,92,0,nflverse
BUF,2007,16,354,23,18,12,2,2,83,0,nflverse
CAR,2007,16,347,23,14,18,1,0,71,0,nflverse
CHI,2007,16,348,42,16,24,1,1,65,0,nflverse
CIN,2007,16,385,21,19,16,1,1,82,0,nflverse
CLE,2007,16,382,27,17,11,1,1,88,0,nflverse
DAL,2007,16,325,46,19,20,2,0,85,0,nflverse
DEN,2007,16,409,31,14,21,0,1,71,0,nflverse
DET,2007,16,444,37,17,24,3,1,60,0,nflverse
GB,2007,16,291,35,19,13,1,0,73,0,nflverse
HOU,2007,16,384,31,11,18,0,0,80,0,nflverse
IND,2007,16,262,27,22,19,1,2,64,0,nflverse
JAX,2007,16,304,36,20,14,2,0,66,0,nflverse
KC,2007,16,335,37,14,13,0,1,71,0,nflverse
LA,2007,16,438,30,18,17,2,1,73,0,nflverse
LAC,2007,16,284,42,30,18,2,0,95,0,nflverse
LV,2007,16,398,27,18,13,2,1,71,0,nflverse
MIA,2007,16,437,30,14,13,1,0,57,0,nflverse
MIN,2007,16,311,35,17,20,6,1,79,0,nflverse
NE,2007,16,274,44,19,18,3,0,75,0,nflverse
NO,2007,16,388,32,13,17,3,1,74,0,nflverse
NYG,2007,16,351,52,15,16,3,0,76,0,nflverse
NYJ,2007,16,355,29,15,10,0,0,70,0,nflverse
PHI,2007,16,300,35,11,10,0,0,65,0,nflverse
PIT,2007,16,269,36,11,25,2,0,76,0,nflverse
SEA,2007,16,291,45,20,25,1,1,78,0,nflverse
SF,2007,16,364,31,12,12,0,1,69,0,nflverse
TB,2007,16,270,31,17,26,1,0,70,0,nflverse
TEN,2007,16,297,39,22,16,2,0,89,0,nflverse
WAS,2007,16,310,32,14,17,2,2,83,0,nflverse
ARI,2008,16,426,31,13,20,2,0,75,0,nflverse
ATL,2008,16,325,33,10,10,2,1,77,0,nflverse
BAL,2008,16,244,33,26,12,5,3,104,0,nflverse
BUF,2008,16,342,23,10,14,3,0,79,0,nflverse
CAR,2008,16,329,37,12,17,0,0,84,0,nflverse
CHI,2008,16,350,28,22,8,1,1,106,0,nflverse
CIN,2008,16,364,17,12,13,1,0,83,0,nflverse
CLE,2008,16,350,18,23,11,2,0,68,0,nflverse
DAL,2008,16,365,58,8,17,1,1,60,0,nflverse
DEN,2008,16,448,25,6,9,0,0,52,0,nflverse
DET,2008,16,517,29,4,22,0,1,46,0,nflverse
GB,2008,16,380,27,22,10,6,0,88,0,nflverse
HOU,2008,16,394,25,12,14,1,0,61,0,nflverse
IND,2008,16,298,31,15,22,2,0,51,0,nflverse
JAX,2008,16,367,28,13,10,2,1,57,0,nflverse
KC,2008,16,440,10,13,19,2,0,58,0,nflverse
LA,2008,16,465,30,12,18,0,0,55,0,nflverse
LAC,2008,16,347,27,15,13,2,1,79,0,nflverse
LV,2008,16,388,31,16,15,0,2,72,0,nflverse
MIA,2008,16,317,40,18,17,2,1,83,0,nflverse
MIN,2008,16,333,45,12,23,0,3,66,0,nflverse
NE,2008,16,309,29,14,14,0,0,58,0,nflverse
NO,2008,16,393,28,15,10,0,1,92,0,nflverse
NYG,2008,16,294,43,17,15,2,3,76,0,nflverse
NYJ,2008,16,356,40,14,30,3,0,78,0,nflverse
PHI,2008,16,289,48,15,21,2,1,98,0,nflverse
PIT,2008,16,223,51,20,12,2,1,91,0,nflverse
SEA,2008,16,392,35,9,22,2,0,67,0,nflverse
SF,2008,16,381,30,12,12,1,0,79,0,nflverse
TB,2008,16,323,29,22,12,3,0,77,0,nflverse
TEN,2008,16,234,44,20,23,3,0,89,0,nflverse
WAS,2008,16,296,24,13,11,0,0,97,0,nflverse
ARI,2009,16,325,41,21,10,1,0,90,0,nflverse
ATL,2009,16,325,28,15,20,1,0,64,0,nflverse
BAL,2009,16,261,32,22,15,2,0,81,0,nflverse
BUF,2009,16,326,34,28,14,2,0,82,0,nflverse
CAR,2009,16,308,31,22,22,1,2,68,0,nflverse
CHI,2009,16,375,33,13,21,1,1,53,0,nflverse
CIN,2009,16,291,34,19,11,2,0,96,0,nflverse
CLE,2009,16,375,40,10,11,0,1,73,0,nflverse
DAL,2009,16,250,42,11,16,1,0,90,0,nflverse
DEN,2009,16,324,39,17,20,0,0,84,0,nflverse
DET,2009,16,494,25,9,18,2,2,71,0,nflverse
GB,2009,16,297,37,30,11,3,1,97,0,nflverse
HOU,2009,16,333,28,14,12,1,2,75,0,nflverse
IND,2009,16,307,34,16,15,2,0,70,0,nflverse
JAX,2009,16,380,14,15,15,0,0,59,0,nflverse
KC,2009,16,424,23,15,12,2,1,86,0,nflverse
LA,2009,16,436,25,8,14,1,0,54,0,nflverse
LAC,2009,16,320,33,14,18,1,1,66,0,nflverse
LV,2009,16,379,37,8,13,0,0,69,0,nflverse
MIA,2009,16,390,43,15,14,1,0,83,0,nflverse
MIN,2009,16,312,45,11,23,0,1,63,0,nflverse
NE,2009,16,285,31,18,19,3,0,69,0,nflverse
NO,2009,16,341,36,26,15,5,0,86,0,nflverse
NYG,2009,16,427,33,13,20,2,0,81,0,nflverse
NYJ,2009,16,236,32,17,15,1,0,84,0,nflverse
PHI,2009,16,337,44,25,15,2,2,99,0,nflverse
PIT,2009,16,324,45,12,14,2,0,68,0,nflverse
SEA,2009,16,390,28,13,13,2,0,66,0,nflverse
SF,2009,16,281,44,18,21,1,0,69,0,nflverse
TB,2009,16,400,28,19,10,2,0,68,0,nflverse
TEN,2009,16,402,32,20,14,4,0,66,0,nflverse
WAS,2009,16,336,40,11,17,0,0,76,0,nflverse
ARI,2010,16,434,33,17,13,3,0,81,0,nflverse
ATL,2010,16,288,31,22,14,2,0,71,0,nflverse
BAL,2010,16,270,27,19,15,3,0,83,0,nflverse
BUF,2010,16,425,27,11,15,2,0,80,0,nflverse
CAR,2010,16,408,31,17,14,1,1,71,0,nflverse
CHI,2010,16,286,34,21,23,1,0,81,0,nflverse
CIN,2010,16,395,27,16,12,1,0,69,0,nflverse
CLE,2010,16,332,29,19,9,2,0,81,0,nflverse
DAL,2010,16,436,35,20,14,3,0,63,0,nflverse
DEN,2010,16,471,23,10,13,0,0,77,0,nflverse
DET,2010,16,369,43,14,21,2,1,66,0,nflverse
GB,2010,16,240,46,24,14,3,0,89,0,nflverse
HOU,2010,16,427,30,13,11,0,0,59,0,nflverse
IND,2010,16,388,29,10,12,2,0,55,0,nflverse
JAX,2010,16,419,26,13,8,0,0,50,0,nflverse
KC,2010,16,326,38,14,18,3,0,98,0,nflverse
LA,2010,16,328,43,14,22,0,1,81,0,nflverse
LAC,2010,16,322,47,16,11,3,1,68,0,nflverse
LV,2010,16,371,47,12,15,2,2,66,0,nflverse
MIA,2010,16,333,38,11,14,0,1,82,0,nflverse
MIN,2010,16,348,31,15,12,1,0,64,0,nflverse
NE,2010,16,313,36,25,11,4,0,80,0,nflverse
NO,2010,16,307,33,9,25,2,1,69,0,nflverse
NYG,2010,16,347,45,16,34,0,0,87,0,nflverse
NYJ,2010,16,304,40,12,17,3,2,87,0,nflverse
PHI,2010,16,377,38,23,11,1,0,94,0,nflverse
PIT,2010,16,232,47,20,24,3,0,92,0,nflverse
SEA,2010,16,407,37,12,16,2,1,86,0,nflverse
SF,2010,16,346,36,15,13,3,0,70,0,nflverse
TB,2010,16,318,26,19,12,3,0,73,0,nflverse
TEN,2010,16,339,40,17,17,1,2,77,0,nflverse
WAS,2010,16,377,29,14,19,1,0,91,0,nflverse
ARI,2011,16,348,42,10,12,0,0,88,0,nflverse
ATL,2011,16,350,32,19,13,2,0,86,0,nflverse
BAL,2011,16,266,48,15,21,1,0,112,0,nflverse
BUF,2011,16,434,28,20,15,4,1,70,0,nflverse
CAR,2011,16,429,31,14,12,0,2,74,0,nflverse
CHI,2011,16,341,33,20,14,4,1,67,0,nflverse
CIN,2011,16,323,45,10,18,1,1,75,0,nflverse
CLE,2011,16,307,31,9,15,0,0,71,0,nflverse
DAL,2011,16,347,42,15,13,1,0,59,0,nflverse
DEN,2011,16,390,40,9,11,3,0,60,0,nflverse
DET,2011,16,387,41,21,17,5,1,75,0,nflverse
GB,2011,16,359,29,31,13,4,0,102,0,nflverse
HOU,2011,16,278,44,17,13,1,0,99,0,nflverse
IND,2011,16,430,29,8,14,2,0,48,0,nflverse
JAX,2011,16,329,31,17,19,0,0,64,0,nflverse
KC,2011,16,338,29,20,13,2,0,86,0,nflverse
LA,2011,16,407,39,12,16,1,2,66,0,nflverse
LAC,2011,16,377,32,17,7,1,0,67,0,nflverse
LV,2011,16,433,38,18,7,0,1,91,0,nflverse
MIA,2011,16,313,41,16,9,1,0,65,0,nflverse
MIN,2011,16,449,49,8,19,0,1,53,0,nflverse
NE,2011,16,342,40,23,10,2,0,63,0,nflverse
NO,2011,16,339,34,9,17,1,0,91,0,nflverse
NYG,2011,16,400,48,20,13,0,2,86,0,nflverse
NYJ,2011,16,363,35,19,19,2,3,76,0,nflverse
PHI,2011,16,328,50,15,10,1,1,67,0,nflverse
PIT,2011,16,227,35,11,10,0,2,73,0,nflverse
SEA,2011,16,315,33,22,13,4,1,89,0,nflverse
SF,2011,16,229,42,23,19,1,1,106,0,nflverse
TB,2011,16,494,22,14,13,3,1,61,0,nflverse
TEN,2011,16,317,28,11,15,1,0,76,0,nflverse
WAS,2011,16,367,41,13,17,1,0,78,0,nflverse
ARI,2012,16,357,38,22,13,2,0,78,68,nflverse
ATL,2012,16,299,29,20,15,1,0,82,70,nflverse
BAL,2012,16,344,37,13,10,2,0,86,80,nflverse
BUF,2012,16,435,36,12,21,1,1,79,60,nflverse
CAR,2012,16,363,39,11,17,3,1,64,63,nflverse
CHI,2012,16,277,41,24,26,8,0,96,77,nflverse
CIN,2012,16,320,50,14,16,2,0,74,80,nflverse
CLE,2012,16,368,37,17,16,2,0,81,58,nflverse
DAL,2012,16,400,34,7,14,1,0,54,55,nflverse
DEN,2012,16,289,52,16,19,5,2,75,82,nflverse
DET,2012,16,437,33,11,11,0,1,61,87,nflverse
GB,2012,16,336,46,18,8,1,0,92,69,nflverse
HOU,2012,16,331,44,15,17,3,1,116,84,nflverse
IND,2012,16,387,32,12,6,4,0,65,64,nflverse
JAX,2012,16,444,20,12,12,0,0,59,51,nflverse
KC,2012,16,425,27,7,14,0,1,65,71,nflverse
LA,2012,16,348,51,17,12,4,1,63,91,nflverse
LAC,2012,16,350,38,14,18,5,1,72,61,nflverse
LV,2012,16,443,25,11,9,0,0,55,70,nflverse
MIA,2012,16,317,42,10,15,0,0,66,75,nflverse
MIN,2012,16,348,44,10,16,3,0,76,74,nflverse
NE,2012,16,331,37,20,30,2,1,78,71,nflverse
NO,2012,16,454,30,15,11,4,0,90,58,nflverse
NYG,2012,16,344,33,21,16,1,0,67,63,nflverse
NYJ,2012,16,375,30,11,14,2,1,58,67,nflverse
PHI,2012,16,444,30,8,13,0,0,72,75,nflverse
PIT,2012,16,314,37,10,15,1,0,80,57,nflverse
SEA,2012,16,245,36,18,18,2,0,78,54,nflverse
SF,2012,16,273,38,14,15,2,1,76,64,nflverse
TB,2012,16,394,27,18,11,3,0,82,95,nflverse
TEN,2012,16,471,39,19,13,4,1,69,78,nflverse
WAS,2012,16,388,31,21,12,3,0,93,49,nflverse
ARI,2013,16,324,47,20,11,4,2,102,87,nflverse
ATL,2013,16,443,32,10,13,2,0,58,58,nflverse
BAL,2013,16,352,40,16,14,1,0,98,75,nflverse
BUF,2013,16,388,57,23,12,2,0,91,85,nflverse
CAR,2013,16,241,59,20,11,4,0,67,90,nflverse
CHI,2013,16,478,31,19,19,5,0,62,64,nflverse
CIN,2013,16,305,43,20,13,4,0,96,57,nflverse
CLE,2013,16,406,40,14,8,3,0,84,64,nflverse
DAL,2013,16,432,34,15,13,2,0,66,67,nflverse
DEN,2013,16,399,41,17,16,1,0,97,88,nflverse
DET,2013,16,376,33,15,11,1,2,88,72,nflverse
GB,2013,16,428,44,11,16,0,0,66,73,nflverse
HOU,2013,16,428,31,7,10,1,1,68,65,nflverse
IND,2013,16,336,42,15,19,1,2,77,58,nflverse
JAX,2013,16,449,31,11,15,1,3,71,58,nflverse
KC,2013,16,305,47,21,13,5,0,99,68,nflverse
LA,2013,16,364,53,14,21,2,1,75,98,nflverse
LAC,2013,16,348,34,11,11,1,0,67,57,nflverse
LV,2013,16,453,38,9,19,1,0,40,75,nflverse
MIA,2013,16,335,42,18,10,2,1,78,63,nflverse
MIN,2013,16,480,41,12,12,0,0,60,82,nflverse
NE,2013,16,338,47,17,11,2,0,78,66,nflverse
NO,2013,16,304,49,12,13,0,0,68,75,nflverse
NYG,2013,16,383,33,17,15,2,0,80,61,nflverse
NYJ,2013,16,387,40,13,10,1,1,62,83,nflverse
PHI,2013,16,382,37,19,13,1,2,96,70,nflverse
PIT,2013,16,370,34,10,16,3,1,70,56,nflverse
SEA,2013,16,231,43,28,17,3,2,91,66,nflverse
SF,2013,16,272,38,18,12,2,1,82,68,nflverse
TB,2013,16,389,35,21,15,3,1,73,72,nflverse
TEN,2013,16,381,36,13,14,1,0,86,66,nflverse
WAS,2013,16,478,36,16,12,4,0,62,67,nflverse
ARI,2014,16,299,35,18,9,3,0,62,82,nflverse
ATL,2014,16,417,22,16,13,1,0,66,55,nflverse
BAL,2014,16,302,49,11,16,1,1,75,74,nflverse
BUF,2014,16,289,54,19,14,0,1,75,88,nflverse
CAR,2014,16,374,40,14,22,2,0,73,64,nflverse
CHI,2014,16,442,39,14,18,1,0,53,66,nflverse
CIN,2014,16,344,20,20,7,1,3,96,60,nflverse
CLE,2014,16,337,30,21,15,2,1,96,62,nflverse
DAL,2014,16,352,27,18,15,2,0,71,59,nflverse
DEN,2014,16,354,41,18,15,2,1,91,80,nflverse
DET,2014,16,282,42,20,11,1,1,75,100,nflverse
GB,2014,16,348,41,18,12,3,1,88,65,nflverse
HOU,2014,16,307,38,20,17,4,1,94,72,nflverse
IND,2014,16,369,40,12,21,1,0,75,73,nflverse
JAX,2014,16,412,45,6,19,1,1,47,82,nflverse
KC,2014,16,281,46,6,13,1,0,74,67,nflverse
LA,2014,16,354,40,13,17,3,0,63,86,nflverse
LAC,2014,16,348,26,7,16,0,1,55,60,nflverse
LV,2014,16,452,22,9,12,0,0,58,74,nflverse
MIA,2014,16,373,39,14,13,2,3,54,74,nflverse
MIN,2014,16,343,41,13,9,2,0,61,67,nflverse
NE,2014,16,313,40,16,15,0,0,66,66,nflverse
NO,2014,16,424,34,12,11,0,2,57,63,nflverse
NYG,2014,16,400,47,17,15,0,0,75,64,nflverse
NYJ,2014,16,401,45,6,9,0,1,56,61,nflverse
PHI,2014,16,400,49,12,24,2,0,82,91,nflverse
PIT,2014,16,368,33,11,12,4,1,54,57,nflverse
SEA,2014,16,254,36,13,18,2,1,65,80,nflverse
SF,2014,16,340,35,23,10,2,0,83,73,nflverse
TB,2014,16,410,36,14,16,3,0,64,84,nflverse
TEN,2014,16,438,39,12,5,1,1,69,88,nflverse
WAS,2014,16,438,36,7,14,0,0,48,65,nflverse
ARI,2015,16,313,35,19,22,4,2,69,86,nflverse
ATL,2015,16,345,19,15,12,1,0,61,46,nflverse
BAL,2015,16,401,37,6,8,1,0,65,79,nflverse
BUF,2015,16,359,21,17,9,2,1,93,45,nflverse
CAR,2015,16,308,44,24,22,4,0,84,86,nflverse
CHI,2015,16,397,35,8,6,0,0,53,56,nflverse
CIN,2015,16,279,42,21,10,1,0,87,71,nflverse
CLE,2015,16,432,29,11,14,2,0,54,62,nflverse
DAL,2015,16,374,31,8,6,1,1,54,69,nflverse
DEN,2015,16,296,52,14,22,4,1,83,86,nflverse
DET,2015,16,400,43,9,17,1,2,62,94,nflverse
GB,2015,16,323,43,16,12,2,0,72,79,nflverse
HOU,2015,16,313,45,14,12,2,0,90,78,nflverse
IND,2015,16,408,35,17,13,4,1,77,72,nflverse
JAX,2015,16,448,36,9,14,1,0,73,82,nflverse
KC,2015,16,287,47,22,13,4,1,93,77,nflverse
LA,2015,16,330,41,13,20,1,1,71,97,nflverse
LAC,2015,16,398,32,11,11,1,0,62,67,nflverse
LV,2015,16,399,38,14,14,1,2,90,82,nflverse
MIA,2015,16,389,31,13,8,3,0,71,88,nflverse
MIN,2015,16,302,43,13,11,2,0,65,69,nflverse
NE,2015,16,315,49,12,22,0,1,85,71,nflverse
NO,2015,16,476,30,9,18,0,0,69,54,nflverse
NYG,2015,16,442,23,15,18,2,1,87,50,nflverse
NYJ,2015,16,314,38,18,15,0,0,77,57,nflverse
PHI,2015,16,430,37,15,18,3,1,82,77,nflverse
PIT,2015,16,319,47,17,16,2,0,81,81,nflverse
SEA,2015,16,277,37,14,18,0,0,75,71,nflverse
SF,2015,16,387,28,9,5,1,0,58,59,nflverse
TB,2015,16,417,38,11,19,1,0,66,71,nflverse
TEN,2015,16,423,39,11,11,1,0,58,64,nflverse
WAS,2015,16,379,37,11,22,1,1,60,57,nflverse
ARI,2016,16,362,46,14,21,2,2,68,103,nflverse
ATL,2016,16,406,34,12,17,3,0,89,58,nflverse
BAL,2016,16,321,31,18,14,0,0,71,70,nflverse
BUF,2016,16,378,39,12,11,1,0,74,59,nflverse
CAR,2016,16,402,47,17,18,1,1,70,73,nflverse
CHI,2016,16,399,37,8,11,1,1,70,62,nflverse
CIN,2016,16,315,33,17,6,0,1,85,57,nflverse
CLE,2016,16,452,26,10,6,1,0,67,52,nflverse
DAL,2016,16,306,34,9,18,0,0,64,77,nflverse
DEN,2016,16,297,41,14,16,3,0,83,51,nflverse
DET,2016,16,358,26,10,8,1,2,63,55,nflverse
GB,2016,16,388,39,17,9,0,0,88,75,nflverse
HOU,2016,16,328,31,11,7,1,1,70,61,nflverse
IND,2016,16,392,33,8,15,0,0,60,50,nflverse
JAX,2016,16,400,33,7,10,1,0,55,78,nflverse
KC,2016,16,311,27,18,16,4,1,104,65,nflverse
LA,2016,16,394,31,10,12,0,0,73,82,nflverse
LAC,2016,16,423,35,18,14,3,1,86,86,nflverse
LV,2016,16,385,25,16,20,1,0,73,47,nflverse
MIA,2016,16,380,32,16,16,1,0,75,63,nflverse
MIN,2016,16,307,41,14,13,2,1,59,63,nflverse
NE,2016,16,250,34,13,16,0,3,72,50,nflverse
NO,2016,16,454,30,9,11,0,1,67,56,nflverse
NYG,2016,16,284,35,17,15,1,0,101,63,nflverse
NYJ,2016,16,409,27,8,14,0,0,54,71,nflverse
PHI,2016,16,331,33,16,15,3,1,77,71,nflverse
PIT,2016,16,327,38,13,16,0,1,80,76,nflverse
SEA,2016,16,292,42,11,16,0,1,70,73,nflverse
SF,2016,16,480,31,10,15,0,1,73,60,nflverse
TB,2016,16,369,38,17,16,4,1,87,68,nflverse
TEN,2016,16,378,39,12,4,0,0,76,68,nflverse
WAS,2016,16,383,38,13,17,0,0,75,72,nflverse
ARI,2017,16,361,37,15,17,1,0,74,84,nflverse
ATL,2017,16,315,39,8,12,0,0,65,73,nflverse
BAL,2017,16,303,41,22,16,3,0,83,90,nflverse
BUF,2017,16,359,26,18,16,1,0,82,70,nflverse
CAR,2017,16,327,50,10,15,0,0,56,69,nflverse
CHI,2017,16,320,42,8,14,2,1,69,72,nflverse
CIN,2017,16,349,41,11,4,3,0,73,82,nflverse
CLE,2017,16,410,34,7,14,1,0,73,93,nflverse
DAL,2017,16,332,38,10,20,1,0,64,89,nflverse
DEN,2017,16,382,33,10,8,2,0,62,75,nflverse
DET,2017,16,376,35,19,16,3,0,79,76,nflverse
GB,2017,16,384,37,11,10,1,0,64,78,nflverse
HOU,2017,16,436,32,11,13,2,1,58,79,nflverse
IND,2017,16,404,25,13,11,1,2,69,66,nflverse
JAX,2017,16,268,55,21,17,2,0,81,81,nflverse
KC,2017,16,339,31,16,12,0,0,86,71,nflverse
LA,2017,16,329,48,18,17,3,2,96,72,nflverse
LAC,2017,16,272,43,18,13,2,0,79,74,nflverse
LV,2017,16,373,31,5,12,0,0,56,64,nflverse
MIA,2017,16,393,30,9,9,1,2,57,68,nflverse
MIN,2017,16,252,36,14,8,1,1,71,77,nflverse
NE,2017,16,296,41,12,9,0,2,67,62,nflverse
NO,2017,16,326,42,20,17,2,0,102,77,nflverse
NYG,2017,16,388,27,13,12,2,1,73,55,nflverse
NYJ,2017,16,382,28,11,9,0,0,62,69,nflverse
PHI,2017,16,295,38,19,14,1,0,92,80,nflverse
PIT,2017,16,308,56,16,12,0,1,80,91,nflverse
SEA,2017,16,332,39,14,13,3,2,78,76,nflverse
SF,2017,16,383,30,10,17,1,0,58,66,nflverse
TB,2017,16,382,22,13,18,1,0,56,58,nflverse
TEN,2017,16,356,42,12,11,0,0,74,64,nflverse
WAS,2017,16,388,41,16,12,2,0,90,61,nflverse
ARI,2018,16,425,49,7,13,0,0,52,85,nflverse
ATL,2018,16,423,37,15,8,1,0,72,54,nflverse
BAL,2018,16,287,42,12,9,0,0,89,85,nflverse
BUF,2018,16,374,36,16,20,0,1,73,76,nflverse
CAR,2018,16,382,34,13,13,0,0,71,76,nflverse
CHI,2018,16,283,50,27,18,5,1,98,82,nflverse
CIN,2018,16,455,34,12,10,3,0,75,61,nflverse
CLE,2018,16,392,37,17,18,0,1,78,72,nflverse
DAL,2018,16,324,39,9,14,0,0,66,65,nflverse
DEN,2018,16,349,43,17,13,2,0,82,67,nflverse
DET,2018,16,360,43,7,10,2,0,48,66,nflverse
GB,2018,16,400,42,7,10,1,0,59,71,nflverse
HOU,2018,16,316,43,15,20,3,0,90,78,nflverse
IND,2018,16,344,38,15,15,0,0,61,72,nflverse
JAX,2018,16,316,37,11,7,2,2,52,66,nflverse
KC,2018,16,421,52,15,23,3,0,64,67,nflverse
LA,2018,16,384,41,18,13,3,2,68,68,nflverse
LAC,2018,16,329,38,13,7,1,0,73,64,nflverse
LV,2018,16,467,13,14,5,1,0,73,48,nflverse
MIA,2018,16,433,30,21,11,3,0,59,64,nflverse
MIN,2018,16,341,50,12,8,1,0,63,84,nflverse
NE,2018,16,325,30,18,14,1,0,67,51,nflverse
NO,2018,16,353,49,12,19,1,0,69,81,nflverse
NYG,2018,16,412,30,16,11,3,0,76,59,nflverse
NYJ,2018,16,441,39,13,13,3,0,76,74,nflverse
PHI,2018,16,348,44,10,12,0,0,68,82,nflverse
PIT,2018,16,360,51,8,13,2,2,69,70,nflverse
SEA,2018,16,347,40,12,18,1,0,64,66,nflverse
SF,2018,16,435,36,2,11,1,1,39,72,nflverse
TB,2018,16,464,38,9,12,0,0,56,79,nflverse
TEN,2018,16,303,39,11,12,2,0,64,59,nflverse
WAS,2018,16,359,46,15,19,0,0,60,63,nflverse
ARI,2019,16,442,40,7,19,0,0,56,81,nflverse
ATL,2019,16,399,28,12,17,1,0,57,63,nflverse
BAL,2019,16,282,37,13,15,2,1,71,66,nflverse
BUF,2019,16,259,44,14,16,0,1,83,84,nflverse
CAR,2019,16,470,53,14,8,0,2,67,72,nflverse
CHI,2019,16,298,32,10,12,1,1,67,52,nflverse
CIN,2019,16,420,31,11,9,0,1,58,58,nflverse
CLE,2019,16,393,38,14,12,1,0,64,74,nflverse
DAL,2019,16,321,39,7,14,0,0,71,74,nflverse
DEN,2019,16,316,40,10,9,0,0,70,73,nflverse
DET,2019,16,423,28,7,16,0,0,73,41,nflverse
GB,2019,16,313,41,17,12,0,0,74,59,nflverse
HOU,2019,16,385,31,12,14,2,0,75,48,nflverse
IND,2019,16,373,41,15,14,1,2,50,62,nflverse
JAX,2019,16,397,46,10,13,1,0,60,76,nflverse
KC,2019,16,308,45,16,13,1,0,65,65,nflverse
LA,2019,16,364,50,13,15,2,1,76,70,nflverse
LAC,2019,16,345,29,11,6,0,0,45,65,nflverse
LV,2019,16,419,32,9,9,2,0,67,68,nflverse
MIA,2019,16,494,23,13,9,1,1,66,44,nflverse
MIN,2019,16,303,48,17,19,1,1,83,81,nflverse
NE,2019,16,225,47,25,15,3,1,89,49,nflverse
NO,2019,16,341,50,13,11,2,1,78,76,nflverse
NYG,2019,16,451,36,10,9,1,1,65,68,nflverse
NYJ,2019,16,359,35,12,10,3,2,67,91,nflverse
PHI,2019,16,354,43,11,15,1,0,82,76,nflverse
PIT,2019,16,303,53,20,22,1,0,83,78,nflverse
SEA,2019,16,398,28,16,20,2,0,74,45,nflverse
SF,2019,16,310,48,12,23,3,0,75,77,nflverse
TB,2019,16,449,47,12,21,2,0,96,82,nflverse
TEN,2019,16,331,42,14,11,1,1,72,60,nflverse
WAS,2019,16,435,46,13,16,0,0,52,73,nflverse
ARI,2020,16,367,48,11,15,0,1,57,80,nflverse
ATL,2020,16,414,29,12,17,1,0,51,53,nflverse
BAL,2020,16,303,39,10,25,0,2,67,62,nflverse
BUF,2020,16,375,38,15,15,2,0,76,58,nflverse
CAR,2020,16,402,29,7,14,0,0,58,51,nflverse
CHI,2020,16,370,35,10,15,0,1,71,58,nflverse
CIN,2020,16,424,17,11,10,0,0,80,43,nflverse
CLE,2020,16,419,38,11,17,2,2,74,48,nflverse
DAL,2020,16,473,31,10,16,0,0,46,49,nflverse
DEN,2020,16,446,42,10,12,0,0,64,61,nflverse
DET,2020,16,519,24,7,15,0,1,51,53,nflverse
GB,2020,16,369,41,11,12,1,1,74,53,nflverse
HOU,2020,16,464,33,3,9,1,0,50,59,nflverse
IND,2020,16,362,40,15,14,4,3,78,64,nflverse
JAX,2020,16,492,18,12,12,1,0,60,51,nflverse
KC,2020,16,362,32,16,13,2,1,64,41,nflverse
LA,2020,16,296,53,14,12,3,1,68,65,nflverse
LAC,2020,16,426,27,12,6,2,1,54,51,nflverse
LV,2020,16,478,21,10,8,0,0,74,50,nflverse
MIA,2020,16,338,41,18,16,0,0,76,62,nflverse
MIN,2020,16,475,23,15,11,0,1,56,45,nflverse
NE,2020,16,353,24,18,5,1,0,52,38,nflverse
NO,2020,16,337,44,18,7,1,1,84,74,nflverse
NYG,2020,16,357,40,11,14,1,0,75,63,nflverse
NYJ,2020,16,457,31,10,17,1,1,67,59,nflverse
PHI,2020,16,418,49,8,14,1,1,43,82,nflverse
PIT,2020,16,312,56,18,13,3,1,84,93,nflverse
SEA,2020,16,371,46,14,14,0,3,80,84,nflverse
SF,2020,16,390,30,12,13,1,0,62,58,nflverse
TB,2020,16,355,48,15,15,1,1,70,84,nflverse
TEN,2020,16,439,19,15,12,0,0,81,50,nflverse
WAS,2020,16,329,46,16,14,2,1,66,73,nflverse
ARI,2021,17,366,40,13,21,1,0,73,64,nflverse
ATL,2021,17,459,17,12,14,2,1,77,44,nflverse
BAL,2021,17,392,33,9,8,1,0,72,60,nflverse
BUF,2021,17,289,41,19,12,1,0,80,71,nflverse
CAR,2021,17,404,39,9,14,0,1,52,69,nflverse
CHI,2021,17,407,49,8,14,1,1,56,71,nflverse
CIN,2021,17,376,41,13,17,1,0,63,73,nflverse
CLE,2021,17,371,43,13,12,1,0,79,65,nflverse
DAL,2021,17,358,41,26,13,5,0,83,61,nflverse
DEN,2021,17,322,36,13,6,1,0,73,58,nflverse
DET,2021,17,467,30,11,10,0,0,68,51,nflverse
GB,2021,17,371,38,18,10,2,0,74,46,nflverse
HOU,2021,17,452,32,17,16,1,1,64,67,nflverse
IND,2021,17,365,33,19,18,0,1,69,55,nflverse
JAX,2021,17,457,32,7,9,0,0,50,55,nflverse
KC,2021,17,364,31,15,18,2,0,69,42,nflverse
LA,2021,17,372,50,19,15,0,0,72,75,nflverse
LAC,2021,17,459,35,11,19,0,0,56,55,nflverse
LV,2021,17,439,35,6,13,0,1,74,53,nflverse
MIA,2021,17,373,47,14,14,3,0,91,60,nflverse
MIN,2021,17,426,51,16,13,2,0,68,55,nflverse
NE,2021,17,303,36,23,10,3,0,89,50,nflverse
NO,2021,17,335,46,18,13,2,0,81,76,nflverse
NYG,2021,17,416,34,15,12,1,1,83,47,nflverse
NYJ,2021,17,504,31,7,13,1,0,61,55,nflverse
PHI,2021,17,385,29,12,13,2,0,56,62,nflverse
PIT,2021,17,398,55,13,18,0,0,80,85,nflverse
SEA,2021,17,366,33,11,9,0,1,80,52,nflverse
SF,2021,17,365,48,9,22,2,0,55,83,nflverse
TB,2021,17,353,47,17,16,2,0,85,73,nflverse
TEN,2021,17,354,42,16,13,2,0,83,62,nflverse
WAS,2021,17,434,37,11,9,2,0,61,54,nflverse
ARI,2022,17,449,36,11,12,3,0,77,71,nflverse
ATL,2022,17,386,21,10,8,1,1,69,48,nflverse
BAL,2022,17,315,48,14,14,0,0,77,68,nflverse
BUF,2022,16,286,40,17,11,1,2,90,80,nflverse
CAR,2022,17,374,35,10,9,2,0,62,74,nflverse
CHI,2022,17,463,20,14,14,0,0,50,50,nflverse
CIN,2022,16,322,30,13,14,0,0,75,47,nflverse
CLE,2022,17,381,34,11,11,1,0,85,59,nflverse
DAL,2022,17,342,54,16,22,0,0,59,77,nflverse
DEN,2022,17,359,36,15,16,0,1,67,56,nflverse
DET,2022,17,427,39,12,14,1,1,62,59,nflverse
GB,2022,17,371,34,17,12,2,1,63,55,nflverse
HOU,2022,17,420,39,16,14,1,1,65,69,nflverse
IND,2022,17,427,44,10,14,2,0,62,80,nflverse
JAX,2022,17,350,35,14,17,2,0,95,65,nflverse
KC,2022,17,369,55,11,12,2,1,85,76,nflverse
LA,2022,17,384,38,16,10,1,0,58,59,nflverse
LAC,2022,17,384,40,14,15,1,1,64,65,nflverse
LV,2022,17,418,27,6,10,1,0,55,57,nflverse
MIA,2022,17,399,40,8,13,0,1,71,64,nflverse
MIN,2022,17,427,38,15,11,0,0,87,66,nflverse
NE,2022,17,347,53,19,13,5,0,69,62,nflverse
NO,2022,17,345,48,7,13,1,0,67,63,nflverse
NYG,2022,17,371,40,6,20,1,0,75,62,nflverse
NYJ,2022,17,316,44,12,11,0,2,73,68,nflverse
PHI,2022,17,344,69,17,15,2,0,85,88,nflverse
PIT,2022,17,346,40,20,9,1,0,82,56,nflverse
SEA,2022,17,401,44,14,18,1,0,81,64,nflverse
SF,2022,17,277,44,20,16,2,0,78,66,nflverse
TB,2022,17,358,44,10,12,1,0,59,76,nflverse
TEN,2022,17,359,39,14,11,1,0,78,60,nflverse
WAS,2022,17,343,43,9,8,2,1,68,79,nflverse
ARI,2023,17,455,33,11,6,0,0,66,64,nflverse
ATL,2023,17,373,42,8,19,1,1,66,56,nflverse
BAL,2023,17,280,58,18,16,1,1,92,77,nflverse
BUF,2023,17,311,53,18,14,2,0,79,80,nflverse
CAR,2023,17,416,27,8,5,2,0,64,55,nflverse
CHI,2023,17,379,30,22,13,2,0,83,57,nflverse
CIN,2023,17,384,44,17,11,1,0,74,60,nflverse
CLE,2023,17,362,48,18,14,2,0,92,88,nflverse
DAL,2023,17,315,45,17,14,5,1,74,73,nflverse
DEN,2023,17,413,42,11,19,0,1,62,58,nflverse
DET,2023,17,395,41,16,13,1,1,79,68,nflverse
GB,2023,17,350,45,7,10,1,0,68,64,nflverse
HOU,2023,17,353,44,14,15,0,0,70,82,nflverse
IND,2023,17,415,51,15,17,3,1,69,76,nflverse
JAX,2023,17,371,40,16,12,2,0,84,61,nflverse
KC,2023,17,294,57,8,15,0,0,72,75,nflverse
LA,2023,17,377,41,10,7,0,2,76,65,nflverse
LAC,2023,17,398,48,9,15,0,0,83,70,nflverse
LV,2023,17,331,46,13,14,3,1,56,69,nflverse
MIA,2023,17,391,56,15,15,4,0,81,70,nflverse
MIN,2023,17,362,43,11,22,0,0,67,57,nflverse
NE,2023,17,366,36,10,15,0,1,66,64,nflverse
NO,2023,17,327,34,18,8,1,0,99,62,nflverse
NYG,2023,17,407,34,18,19,3,0,81,64,nflverse
NYJ,2023,17,355,46,17,14,2,3,91,78,nflverse
PHI,2023,17,428,43,9,16,2,1,74,67,nflverse
PIT,2023,17,324,47,16,19,1,1,80,72,nflverse
SEA,2023,17,402,47,11,13,3,0,77,82,nflverse
SF,2023,17,298,48,22,10,1,1,84,69,nflverse
TB,2023,17,325,47,13,18,1,1,64,72,nflverse
TEN,2023,17,367,45,6,13,1,0,55,72,nflverse
WAS,2023,17,518,38,8,10,0,0,78,75,nflverse
ARI,2024,17,379,41,9,17,0,2,63,87,nflverse
ATL,2024,17,423,31,12,12,3,1,66,79,nflverse
BAL,2024,17,361,53,12,12,2,0,82,82,nflverse
BUF,2024,17,368,37,16,18,2,1,60,93,nflverse
CAR,2024,17,534,32,9,8,0,0,67,65,nflverse
CHI,2024,17,370,40,11,17,1,0,66,81,nflverse
CIN,2024,17,434,36,15,14,2,1,79,72,nflverse
CLE,2024,17,435,41,4,12,0,1,60,112,nflverse
DAL,2024,17,468,51,13,18,1,0,70,70,nflverse
DEN,2024,17,311,63,15,12,3,2,68,94,nflverse
DET,2024,17,342,37,16,13,1,0,81,70,nflverse
GB,2024,17,338,45,17,16,1,0,56,95,nflverse
HOU,2024,17,372,49,19,11,1,1,89,106,nflverse
IND,2024,17,427,36,16,18,0,0,57,88,nflverse
JAX,2024,17,435,34,6,5,0,0,74,82,nflverse
KC,2024,17,326,39,13,15,0,0,71,87,nflverse
LA,2024,17,386,38,13,10,2,1,73,72,nflverse
LAC,2024,17,301,45,15,8,1,0,87,77,nflverse
LV,2024,17,434,37,10,6,1,0,80,83,nflverse
MIA,2024,17,364,35,10,8,0,0,69,83,nflverse
MIN,2024,17,332,48,24,12,2,0,95,96,nflverse
NE,2024,17,417,28,7,14,0,0,73,63,nflverse
NO,2024,17,398,39,14,12,0,1,93,77,nflverse
NYG,2024,17,415,45,5,16,0,0,60,96,nflverse
NYJ,2024,17,404,42,7,14,0,0,56,89,nflverse
PHI,2024,17,303,41,13,22,1,0,90,81,nflverse
PIT,2024,17,347,40,17,22,0,0,78,84,nflverse
SEA,2024,17,368,44,13,14,2,1,74,74,nflverse
SF,2024,17,436,36,11,13,1,0,72,67,nflverse
TB,2024,17,385,46,7,16,0,1,61,81,nflverse
TEN,2024,17,460,32,11,10,0,2,53,92,nflverse
WAS,2024,17,391,43,7,16,1,0,59,86,nflverse
MIN,1969,14,133,0,0,0,0,0,0,0,legends
ATL,1977,14,129,0,0,0,0,0,0,0,legends
PIT,1976,14,138,0,0,0,0,0,0,0,legends
MIA,1972,14,171,0,0,0,0,0,0,0,legends
CHI,1963,14,144,0,0,0,0,0,0,0,legends
GB,1962,14,148,0,0,0,0,0,0,0,legends
DEN,1977,14,148,0,0,0,0,0,0,0,legends
PIT,1978,16,195,0,0,0,0,0,0,0,legends
CHI,1985,16,198,0,0,0,0,0,0,0,legends
NYG,1986,16,236,0,0,0,0,0,0,0,legends
NYG,1990,16,211,0,0,0,0,0,0,0,legends
PHI,1991,16,244,0,0,0,0,0,0,0,legends
GB,1996,16,210,0,0,0,0,0,0,0,legends
DAL,1992,16,243,0,0,0,0,0,0,0,legends
