player_name,position,team,season,games,fg_made,fg_att,fg_pct,fg_long,pat_made,pat_att,source
Morten Andersen,K,ATL,1999,16,15,21,0.714285714285714,49,34,34,nflverse
Gary Anderson,K,MIN,1999,16,19,30,0.633333333333333,44,46,46,nflverse
Cary Blanchard,K,NYG,1999,10,18,21,0.857142857142857,48,19,19,nflverse
Chris Boniol,K,CHI,1999,10,11,18,0.611111111111111,46,17,18,nflverse
Doug Brien,K,NO,1999,16,24,29,0.827586206896552,52,20,21,nflverse
Kris Brown,K,PIT,1999,16,25,29,0.862068965517241,51,30,31,nflverse
John Carney,K,SD,1999,16,31,36,0.861111111111111,50,22,23,nflverse
Steve Christie,K,BUF,1999,16,25,34,0.735294117647059,52,33,33,nflverse
Brett Conway,K,WAS,1999,16,22,32,0.6875,51,49,50,nflverse
Richie Cunningham,K,CAR,1999,14,15,24,0.625,47,36,37,nflverse
Phil Dawson,K,CLE,1999,15,8,12,0.666666666666667,49,23,24,nflverse
Al Del Greco,K,TEN,1999,16,21,25,0.84,50,43,43,nflverse
Jason Elam,K,DEN,1999,16,29,36,0.805555555555556,55,29,29,nflverse
Martin Gramatica,K,TB,1999,16,27,32,0.84375,53,24,24,nflverse
John Hall,K,NYJ,1999,16,27,33,0.818181818181818,48,27,29,nflverse
Jason Hanson,K,DET,1999,16,26,32,0.8125,52,28,29,nflverse
Mike Hollis,K,JAX,1999,16,31,38,0.81578947368421,50,37,37,nflverse
Michael Husted,K,OAK,1999,13,20,31,0.645161290322581,49,30,30,nflverse
Chris Jacke,K,ARI,1999,16,19,27,0.703703703703704,49,26,26,nflverse
Norm Johnson,K,PHI,1999,15,18,26,0.692307692307692,49,21,21,nflverse
John Kasay,K,CAR,1999,13,22,25,0.88,52,33,33,nflverse
Ryan Longwell,K,GB,1999,16,25,30,0.833333333333333,50,38,38,nflverse
Olindo Mare,K,MIA,1999,16,39,46,0.847826086956522,54,27,27,nflverse
Doug Pelfrey,K,CIN,1999,16,18,27,0.666666666666667,50,27,27,nflverse
Todd Peterson,K,SEA,1999,16,34,40,0.85,51,32,32,nflverse
Wade Richey,K,SF,1999,16,21,23,0.91304347826087,52,30,31,nflverse
Matt Stover,K,BAL,1999,15,27,30,0.9,50,31,31,nflverse
Pete Stoyanovich,K,KC,1999,16,21,28,0.75,51,45,45,nflverse
Mike Vanderjagt,K,IND,1999,16,34,38,0.894736842105263,53,43,43,nflverse
Adam Vinatieri,K,NE,1999,16,26,33,0.787878787878788,51,29,30,nflverse
Jeff Wilkins,K,STL,1999,15,18,26,0.692307692307692,49,61,61,nflverse
David Akers,K,PHI,2000,16,29,33,0.878787878787879,51,34,36,nflverse
Morten Andersen,K,ATL,2000,16,25,31,0.806451612903226,51,23,23,nflverse
Gary Anderson,K,MIN,2000,16,22,23,0.956521739130435,49,45,45,nflverse
Cary Blanchard,K,ARI,2000,16,16,23,0.695652173913044,54,18,19,nflverse
Doug Brien,K,NO,2000,16,23,29,0.793103448275862,48,37,37,nflverse
Kris Brown,K,PIT,2000,16,25,30,0.833333333333333,52,32,33,nflverse
John Carney,K,SD,2000,15,17,23,0.739130434782609,52,26,26,nflverse
Steve Christie,K,BUF,2000,15,24,33,0.727272727272727,48,30,30,nflverse
Brad Daluiso,K,NYG,2000,14,17,23,0.739130434782609,46,34,34,nflverse
Phil Dawson,K,CLE,2000,16,14,17,0.823529411764706,45,17,17,nflverse
Al Del Greco,K,TEN,2000,16,27,33,0.818181818181818,50,37,38,nflverse
Jason Elam,K,DEN,2000,13,18,24,0.75,51,49,49,nflverse
Martin Gramatica,K,TB,2000,16,28,34,0.823529411764706,55,42,42,nflverse
John Hall,K,NYJ,2000,15,21,32,0.65625,51,30,30,nflverse
Jason Hanson,K,DET,2000,16,24,30,0.8,54,29,29,nflverse
Mike Hollis,K,JAX,2000,12,24,26,0.923076923076923,51,33,33,nflverse
Ryan Longwell,K,GB,2000,16,33,38,0.868421052631579,52,32,32,nflverse
Olindo Mare,K,MIA,2000,15,26,29,0.896551724137931,49,31,32,nflverse
Eddie Murray,K,WAS,2000,6,8,12,0.666666666666667,47,7,8,nflverse
Joe Nedney,K,CAR,2000,15,34,38,0.894736842105263,52,24,24,nflverse
Todd Peterson,K,KC,2000,11,15,20,0.75,42,25,25,nflverse
Wade Richey,K,SF,2000,16,15,22,0.681818181818182,47,43,45,nflverse
Matt Stover,K,BAL,2000,16,35,39,0.897435897435897,51,30,30,nflverse
Mike Vanderjagt,K,IND,2000,16,25,27,0.925925925925926,48,46,46,nflverse
Adam Vinatieri,K,NE,2000,16,27,33,0.818181818181818,53,25,25,nflverse
Jeff Wilkins,K,STL,2000,11,17,17,1,51,38,38,nflverse
Tim Seder,K,DAL,2000,15,25,33,0.757575757575758,48,27,27,nflverse
Rian Lindell,K,SEA,2000,12,15,17,0.882352941176471,52,25,25,nflverse
Kris Heppner,K,WAS,2000,8,10,15,0.666666666666667,45,17,17,nflverse
Paul Edinger,K,CHI,2000,16,21,27,0.777777777777778,54,21,21,nflverse
Sebastian Janikowski,K,OAK,2000,14,22,32,0.6875,54,46,46,nflverse
Neil Rackers,K,CIN,2000,16,12,21,0.571428571428571,45,21,21,nflverse
David Akers,K,PHI,2001,16,26,31,0.838709677419355,50,37,38,nflverse
Morten Andersen,K,NYG,2001,16,23,28,0.821428571428571,51,29,30,nflverse
Gary Anderson,K,MIN,2001,16,15,18,0.833333333333333,44,29,30,nflverse
Kris Brown,K,PIT,2001,16,30,44,0.681818181818182,55,34,37,nflverse
John Carney,K,NO,2001,15,27,31,0.870967741935484,50,32,32,nflverse
Steve Christie,K,SD,2001,5,9,11,0.818181818181818,41,6,6,nflverse
Brett Conway,K,WAS,2001,16,26,33,0.787878787878788,55,22,22,nflverse
Jose Cortez,K,SF,2001,16,18,25,0.72,52,47,47,nflverse
Phil Dawson,K,CLE,2001,16,22,25,0.88,48,29,30,nflverse
Jason Elam,K,DEN,2001,16,31,36,0.861111111111111,50,31,31,nflverse
Martin Gramatica,K,TB,2001,14,23,29,0.793103448275862,49,28,28,nflverse
John Hall,K,NYJ,2001,16,24,31,0.774193548387097,53,32,32,nflverse
Jason Hanson,K,DET,2001,16,21,30,0.7,54,23,23,nflverse
Mike Hollis,K,JAC,2001,16,18,28,0.642857142857143,48,29,31,nflverse
John Kasay,K,CAR,2001,16,23,28,0.821428571428571,52,22,23,nflverse
Ryan Longwell,K,GB,2001,16,20,31,0.645161290322581,54,44,45,nflverse
Olindo Mare,K,MIA,2001,16,19,21,0.904761904761905,46,39,40,nflverse
Joe Nedney,K,TEN,2001,16,20,28,0.714285714285714,51,34,35,nflverse
Todd Peterson,K,KC,2001,16,27,35,0.771428571428571,51,27,28,nflverse
Wade Richey,K,SD,2001,16,21,32,0.65625,51,26,26,nflverse
Matt Stover,K,BAL,2001,16,30,35,0.857142857142857,49,25,25,nflverse
Mike Vanderjagt,K,IND,2001,16,28,34,0.823529411764706,52,41,42,nflverse
Adam Vinatieri,K,NE,2001,16,24,30,0.8,54,41,42,nflverse
Jeff Wilkins,K,STL,2001,16,23,29,0.793103448275862,54,58,58,nflverse
Tim Seder,K,DAL,2001,8,11,17,0.647058823529412,46,12,12,nflverse
Jake Arians,K,BUF,2001,10,12,21,0.571428571428571,49,16,17,nflverse
Rian Lindell,K,SEA,2001,16,20,32,0.625,54,33,33,nflverse
Jon Hilbert,K,DAL,2001,8,11,16,0.6875,43,12,12,nflverse
Paul Edinger,K,CHI,2001,16,26,31,0.838709677419355,48,34,34,nflverse
Sebastian Janikowski,K,OAK,2001,15,23,28,0.821428571428571,52,42,42,nflverse
Neil Rackers,K,CIN,2001,16,17,28,0.607142857142857,52,23,24,nflverse
Jay Feely,K,ATL,2001,16,29,37,0.783783783783784,55,28,28,nflverse
Bill Gramatica,K,ARI,2001,13,16,20,0.8,50,25,25,nflverse
David Akers,K,PHI,2002,16,30,34,0.882352941176471,51,43,43,nflverse
Morten Andersen,K,KC,2002,14,22,26,0.846153846153846,50,51,51,nflverse
Gary Anderson,K,MIN,2002,14,18,23,0.782608695652174,53,36,37,nflverse
Kris Brown,K,HOU,2002,16,17,24,0.708333333333333,51,20,20,nflverse
John Carney,K,NO,2002,16,31,35,0.885714285714286,48,37,37,nflverse
Steve Christie,K,SD,2002,16,18,26,0.692307692307692,53,35,36,nflverse
Jose Cortez,K,WAS,2002,14,23,32,0.71875,45,34,34,nflverse
Phil Dawson,K,CLE,2002,16,22,28,0.785714285714286,52,34,35,nflverse
Jason Elam,K,DEN,2002,16,26,36,0.722222222222222,55,42,43,nflverse
Martin Gramatica,K,TB,2002,16,32,39,0.82051282051282,53,32,32,nflverse
John Hall,K,NYJ,2002,16,24,31,0.774193548387097,46,35,37,nflverse
Jason Hanson,K,DET,2002,16,23,28,0.821428571428571,49,31,31,nflverse
Mike Hollis,K,BUF,2002,16,25,33,0.757575757575758,54,40,40,nflverse
Ryan Longwell,K,GB,2002,16,28,34,0.823529411764706,49,44,44,nflverse
Olindo Mare,K,MIA,2002,16,24,31,0.774193548387097,53,42,43,nflverse
Joe Nedney,K,TEN,2002,16,25,31,0.806451612903226,53,36,36,nflverse
Todd Peterson,K,PIT,2002,10,12,21,0.571428571428571,46,25,26,nflverse
Matt Stover,K,BAL,2002,15,21,25,0.84,51,33,33,nflverse
Mike Vanderjagt,K,IND,2002,16,23,31,0.741935483870968,54,34,34,nflverse
Adam Vinatieri,K,NE,2002,16,27,30,0.9,57,36,36,nflverse
Jeff Wilkins,K,STL,2002,16,19,25,0.76,47,37,37,nflverse
Tim Seder,K,JAC,2002,5,8,12,0.666666666666667,43,11,11,nflverse
Rian Lindell,K,SEA,2002,16,23,29,0.793103448275862,52,38,38,nflverse
Paul Edinger,K,CHI,2002,16,22,28,0.785714285714286,53,29,29,nflverse
Shayne Graham,K,CAR,2002,11,13,18,0.722222222222222,50,21,21,nflverse
James Tuthill,K,SD,2002,12,10,16,0.625,53,20,21,nflverse
Sebastian Janikowski,K,OAK,2002,16,26,33,0.787878787878788,51,50,50,nflverse
Neil Rackers,K,CIN,2002,16,15,18,0.833333333333333,54,30,32,nflverse
Jay Feely,K,ATL,2002,16,32,40,0.8,52,42,43,nflverse
Bill Gramatica,K,ARI,2002,16,15,21,0.714285714285714,50,29,29,nflverse
Matt Bryant,K,NYG,2002,16,26,32,0.8125,47,30,32,nflverse
Jeff Reed,K,PIT,2002,6,17,19,0.894736842105263,50,10,11,nflverse
Billy Cundiff,K,DAL,2002,16,12,19,0.631578947368421,48,25,25,nflverse
Jeff Chandler,K,SF,2002,6,8,12,0.666666666666667,47,14,14,nflverse
David Akers,K,PHI,2003,16,24,29,0.827586206896552,57,42,42,nflverse
Morten Andersen,K,KC,2003,16,16,20,0.8,49,58,59,nflverse
Gary Anderson,K,TEN,2003,15,27,31,0.870967741935484,43,42,42,nflverse
Doug Brien,K,NYJ,2003,16,27,32,0.84375,48,24,24,nflverse
Kris Brown,K,HOU,2003,16,18,22,0.818181818181818,50,27,27,nflverse
John Carney,K,NO,2003,16,22,30,0.733333333333333,50,36,37,nflverse
Steve Christie,K,LAC,2003,16,15,20,0.75,51,36,36,nflverse
Brett Conway,K,CLE,2003,8,14,19,0.736842105263158,48,9,9,nflverse
Phil Dawson,K,CLE,2003,13,18,21,0.857142857142857,52,20,21,nflverse
Jason Elam,K,DEN,2003,16,27,31,0.870967741935484,51,39,39,nflverse
Martin Gramatica,K,TB,2003,16,16,26,0.615384615384615,50,33,34,nflverse
John Hall,K,WAS,2003,16,25,33,0.757575757575758,54,26,27,nflverse
Jason Hanson,K,DET,2003,16,22,23,0.956521739130435,54,26,27,nflverse
John Kasay,K,CAR,2003,16,32,38,0.842105263157895,53,29,30,nflverse
Ryan Longwell,K,GB,2003,16,23,26,0.884615384615385,50,51,51,nflverse
Olindo Mare,K,MIA,2003,16,22,29,0.758620689655172,52,33,34,nflverse
Todd Peterson,K,SF,2003,8,12,15,0.8,48,22,23,nflverse
Matt Stover,K,BAL,2003,16,33,38,0.868421052631579,49,35,35,nflverse
Mike Vanderjagt,K,IND,2003,16,37,37,1,50,46,46,nflverse
Adam Vinatieri,K,NE,2003,16,25,34,0.735294117647059,48,37,38,nflverse
Jeff Wilkins,K,LA,2003,16,39,42,0.928571428571429,53,46,46,nflverse
Rian Lindell,K,BUF,2003,16,17,24,0.708333333333333,44,24,24,nflverse
Paul Edinger,K,CHI,2003,16,26,36,0.722222222222222,54,26,26,nflverse
Shayne Graham,K,CIN,2003,16,22,25,0.88,48,40,40,nflverse
Sebastian Janikowski,K,LV,2003,16,22,25,0.88,55,28,29,nflverse
Neil Rackers,K,ARI,2003,7,9,12,0.75,49,8,8,nflverse
Jay Feely,K,ATL,2003,16,19,27,0.703703703703704,46,32,33,nflverse
Owen Pochman,K,SF,2003,6,8,15,0.533333333333333,48,9,10,nflverse
Matt Bryant,K,NYG,2003,11,11,14,0.785714285714286,47,17,17,nflverse
Jeff Reed,K,PIT,2003,16,23,32,0.71875,51,31,32,nflverse
Billy Cundiff,K,DAL,2003,15,23,29,0.793103448275862,52,30,31,nflverse
Tim Duncan,K,ARI,2003,5,6,10,0.6,53,5,6,nflverse
Aaron Elling,K,MIN,2003,16,18,25,0.72,51,48,48,nflverse
Seth Marler,K,JAX,2003,16,20,33,0.606060606060606,53,30,30,nflverse
Josh Brown,K,SEA,2003,16,22,30,0.733333333333333,58,48,48,nflverse
David Akers,K,PHI,2004,16,27,32,0.84375,51,41,42,nflverse
Morten Andersen,K,MIN,2004,16,18,22,0.818181818181818,48,45,45,nflverse
Gary Anderson,K,TEN,2004,15,17,22,0.772727272727273,45,37,37,nflverse
Doug Brien,K,NYJ,2004,16,24,29,0.827586206896552,53,33,34,nflverse
Kris Brown,K,HOU,2004,16,17,24,0.708333333333333,50,34,34,nflverse
John Carney,K,NO,2004,16,22,27,0.814814814814815,53,38,38,nflverse
Steve Christie,K,NYG,2004,16,22,28,0.785714285714286,53,33,33,nflverse
Phil Dawson,K,CLE,2004,16,24,29,0.827586206896552,50,28,28,nflverse
Jason Elam,K,DEN,2004,16,29,34,0.852941176470588,52,42,42,nflverse
Martin Gramatica,K,IND,2004,15,11,19,0.578947368421053,53,21,22,nflverse
John Hall,K,WAS,2004,8,8,11,0.727272727272727,46,13,13,nflverse
Jason Hanson,K,DET,2004,16,24,28,0.857142857142857,48,28,28,nflverse
John Kasay,K,CAR,2004,14,19,22,0.863636363636364,54,27,28,nflverse
Ryan Longwell,K,GB,2004,16,24,28,0.857142857142857,53,48,48,nflverse
Olindo Mare,K,MIA,2004,11,12,16,0.75,51,18,18,nflverse
Todd Peterson,K,SF,2004,16,18,22,0.818181818181818,51,23,23,nflverse
Matt Stover,K,BAL,2004,16,29,32,0.90625,50,30,30,nflverse
Mike Vanderjagt,K,IND,2004,15,20,25,0.8,47,59,60,nflverse
Adam Vinatieri,K,NE,2004,16,31,33,0.939393939393939,48,48,48,nflverse
Jeff Wilkins,K,LA,2004,16,19,24,0.791666666666667,53,32,32,nflverse
Rian Lindell,K,BUF,2004,16,24,28,0.857142857142857,43,45,45,nflverse
Paul Edinger,K,CHI,2004,16,15,24,0.625,53,22,22,nflverse
Shayne Graham,K,CIN,2004,16,27,31,0.870967741935484,53,41,41,nflverse
Sebastian Janikowski,K,LV,2004,16,25,28,0.892857142857143,52,31,32,nflverse
Neil Rackers,K,ARI,2004,16,22,29,0.758620689655172,55,28,28,nflverse
Jay Feely,K,ATL,2004,16,18,23,0.782608695652174,47,40,40,nflverse
Lawrence Tynes,K,KC,2004,16,17,23,0.739130434782609,50,58,60,nflverse
Jeff Reed,K,PIT,2004,16,28,33,0.848484848484848,51,40,40,nflverse
Billy Cundiff,K,DAL,2004,16,20,26,0.769230769230769,49,31,31,nflverse
Ola Kimrin,K,WAS,2004,5,6,10,0.6,41,6,6,nflverse
Josh Brown,K,SEA,2004,16,23,25,0.92,54,40,40,nflverse
Nate Kaeding,K,LAC,2004,16,20,25,0.8,53,54,55,nflverse
Josh Scobee,K,JAX,2004,16,24,31,0.774193548387097,53,21,21,nflverse
David Akers,K,PHI,2005,12,16,22,0.727272727272727,50,23,23,nflverse
Kris Brown,K,HOU,2005,16,26,34,0.764705882352941,53,24,24,nflverse
John Carney,K,NO,2005,16,25,32,0.78125,49,22,22,nflverse
Jose Cortez,K,IND,2005,14,12,17,0.705882352941177,45,18,19,nflverse
Phil Dawson,K,CLE,2005,16,27,29,0.931034482758621,44,19,21,nflverse
Jason Elam,K,DEN,2005,16,24,32,0.75,51,43,44,nflverse
John Hall,K,WAS,2005,10,12,14,0.857142857142857,45,27,27,nflverse
Jason Hanson,K,DET,2005,15,19,24,0.791666666666667,52,27,27,nflverse
John Kasay,K,CAR,2005,16,26,34,0.764705882352941,52,43,44,nflverse
Ryan Longwell,K,GB,2005,16,20,27,0.740740740740741,53,30,31,nflverse
Olindo Mare,K,MIA,2005,16,25,30,0.833333333333333,53,33,33,nflverse
Joe Nedney,K,SF,2005,15,26,28,0.928571428571429,56,19,19,nflverse
Todd Peterson,K,ATL,2005,16,23,25,0.92,43,35,35,nflverse
Matt Stover,K,BAL,2005,16,30,34,0.882352941176471,49,23,23,nflverse
Mike Vanderjagt,K,IND,2005,16,23,25,0.92,48,52,52,nflverse
Adam Vinatieri,K,NE,2005,16,20,25,0.8,49,40,41,nflverse
Jeff Wilkins,K,LA,2005,16,27,31,0.870967741935484,53,36,36,nflverse
Rian Lindell,K,BUF,2005,16,29,35,0.828571428571429,53,26,26,nflverse
Paul Edinger,K,MIN,2005,16,25,34,0.735294117647059,56,31,31,nflverse
Shayne Graham,K,CIN,2005,16,28,32,0.875,49,47,47,nflverse
Sebastian Janikowski,K,LV,2005,16,20,30,0.666666666666667,49,30,30,nflverse
Neil Rackers,K,ARI,2005,15,40,42,0.952380952380952,54,20,20,nflverse
Jay Feely,K,NYG,2005,16,35,42,0.833333333333333,52,43,43,nflverse
Lawrence Tynes,K,KC,2005,16,27,33,0.818181818181818,52,44,45,nflverse
Matt Bryant,K,TB,2005,15,21,25,0.84,50,31,31,nflverse
Jeff Reed,K,PIT,2005,16,24,29,0.827586206896552,44,45,45,nflverse
Rob Bironas,K,TEN,2005,16,23,29,0.793103448275862,53,30,32,nflverse
Josh Brown,K,SEA,2005,16,18,25,0.72,55,56,57,nflverse
Nate Kaeding,K,LAC,2005,16,21,24,0.875,49,49,49,nflverse
Josh Scobee,K,JAX,2005,16,23,30,0.766666666666667,53,38,39,nflverse
Nick Novak,K,ARI,2005,10,8,10,0.8,40,15,15,nflverse
Robbie Gould,K,CHI,2005,13,21,27,0.777777777777778,45,19,20,nflverse
Mike Nugent,K,NYJ,2005,16,22,28,0.785714285714286,49,24,24,nflverse
David Akers,K,PHI,2006,16,18,23,0.782608695652174,47,48,48,nflverse
Morten Andersen,K,ATL,2006,14,20,23,0.869565217391304,45,27,27,nflverse
Kris Brown,K,HOU,2006,16,19,25,0.76,49,26,27,nflverse
John Carney,K,NO,2006,16,23,25,0.92,51,46,47,nflverse
Phil Dawson,K,CLE,2006,16,21,29,0.724137931034483,51,25,25,nflverse
Jason Elam,K,DEN,2006,16,27,29,0.931034482758621,51,34,34,nflverse
John Hall,K,WAS,2006,5,9,11,0.818181818181818,46,9,9,nflverse
Jason Hanson,K,DET,2006,16,29,33,0.878787878787879,53,30,30,nflverse
John Kasay,K,CAR,2006,16,24,27,0.888888888888889,54,28,28,nflverse
Ryan Longwell,K,MIN,2006,16,21,25,0.84,49,27,28,nflverse
Olindo Mare,K,MIA,2006,16,26,36,0.722222222222222,52,22,22,nflverse
Joe Nedney,K,SF,2006,16,29,35,0.828571428571429,51,29,29,nflverse
Matt Stover,K,BAL,2006,16,28,30,0.933333333333333,52,37,37,nflverse
Mike Vanderjagt,K,DAL,2006,10,13,18,0.722222222222222,50,33,33,nflverse
Adam Vinatieri,K,IND,2006,13,25,28,0.892857142857143,48,38,38,nflverse
Jeff Wilkins,K,LA,2006,16,32,37,0.864864864864865,53,35,35,nflverse
Rian Lindell,K,BUF,2006,16,23,25,0.92,53,33,33,nflverse
Shayne Graham,K,CIN,2006,16,25,30,0.833333333333333,51,40,42,nflverse
Sebastian Janikowski,K,LV,2006,16,18,25,0.72,55,16,16,nflverse
Neil Rackers,K,ARI,2006,16,28,37,0.756756756756757,50,32,32,nflverse
Jay Feely,K,NYG,2006,16,23,27,0.851851851851852,47,38,38,nflverse
Lawrence Tynes,K,KC,2006,16,24,31,0.774193548387097,53,35,36,nflverse
Matt Bryant,K,TB,2006,16,17,22,0.772727272727273,62,22,23,nflverse
Jeff Reed,K,PIT,2006,16,20,27,0.740740740740741,50,41,41,nflverse
Rob Bironas,K,TEN,2006,16,22,28,0.785714285714286,60,32,32,nflverse
Josh Brown,K,SEA,2006,16,25,31,0.806451612903226,54,36,36,nflverse
Nate Kaeding,K,LAC,2006,16,26,29,0.896551724137931,54,58,58,nflverse
Josh Scobee,K,JAX,2006,16,26,32,0.8125,48,41,41,nflverse
Shaun Suisham,K,WAS,2006,8,9,11,0.818181818181818,52,14,14,nflverse
Nick Novak,K,WAS,2006,6,5,10,0.5,47,10,10,nflverse
Robbie Gould,K,CHI,2006,16,32,36,0.888888888888889,49,47,47,nflverse
Mike Nugent,K,NYJ,2006,16,24,27,0.888888888888889,54,34,35,nflverse
Dave Rayner,K,GB,2006,16,26,35,0.742857142857143,54,31,32,nflverse
Stephen Gostkowski,K,NE,2006,16,20,26,0.769230769230769,52,43,44,nflverse
David Akers,K,PHI,2007,16,24,32,0.75,53,36,36,nflverse
Morten Andersen,K,ATL,2007,14,25,28,0.892857142857143,47,24,24,nflverse
Kris Brown,K,HOU,2007,16,25,29,0.862068965517241,57,40,40,nflverse
John Carney,K,KC,2007,13,12,14,0.857142857142857,41,27,28,nflverse
Phil Dawson,K,CLE,2007,16,26,30,0.866666666666667,51,42,43,nflverse
Jason Elam,K,DEN,2007,16,27,31,0.870967741935484,50,33,33,nflverse
Jason Hanson,K,DET,2007,16,29,35,0.828571428571429,53,35,36,nflverse
John Kasay,K,CAR,2007,16,24,28,0.857142857142857,53,27,27,nflverse
Ryan Longwell,K,MIN,2007,16,20,24,0.833333333333333,55,39,40,nflverse
Olindo Mare,K,NO,2007,13,10,17,0.588235294117647,52,34,34,nflverse
Joe Nedney,K,SF,2007,16,17,19,0.894736842105263,49,22,22,nflverse
Matt Stover,K,BAL,2007,16,27,32,0.84375,49,26,26,nflverse
Adam Vinatieri,K,IND,2007,16,23,29,0.793103448275862,39,49,51,nflverse
Jeff Wilkins,K,LA,2007,16,24,32,0.75,53,25,25,nflverse
Rian Lindell,K,BUF,2007,16,24,27,0.888888888888889,52,24,24,nflverse
Shayne Graham,K,CIN,2007,16,31,34,0.911764705882353,48,37,37,nflverse
Sebastian Janikowski,K,LV,2007,16,23,32,0.71875,54,28,28,nflverse
Neil Rackers,K,ARI,2007,16,21,30,0.7,52,47,48,nflverse
Jay Feely,K,MIA,2007,16,21,23,0.91304347826087,53,26,26,nflverse
Lawrence Tynes,K,NYG,2007,16,23,27,0.851851851851852,48,40,42,nflverse
Matt Bryant,K,TB,2007,16,28,33,0.848484848484848,49,34,34,nflverse
Jeff Reed,K,PIT,2007,16,23,25,0.92,49,44,44,nflverse
Rob Bironas,K,TEN,2007,16,35,39,0.897435897435897,56,28,28,nflverse
Josh Brown,K,SEA,2007,16,28,34,0.823529411764706,54,43,43,nflverse
Nate Kaeding,K,LAC,2007,16,24,27,0.888888888888889,51,46,46,nflverse
Josh Scobee,K,JAX,2007,8,12,13,0.923076923076923,48,26,27,nflverse
Shaun Suisham,K,WAS,2007,16,29,35,0.828571428571429,49,29,30,nflverse
Robbie Gould,K,CHI,2007,16,31,36,0.861111111111111,49,33,33,nflverse
Mike Nugent,K,NYJ,2007,16,29,36,0.805555555555556,50,23,24,nflverse
Dave Rayner,K,LAC,2007,11,15,22,0.681818181818182,49,14,14,nflverse
Stephen Gostkowski,K,NE,2007,16,21,24,0.875,45,74,74,nflverse
Nick Folk,K,DAL,2007,16,26,31,0.838709677419355,53,53,53,nflverse
Mason Crosby,K,GB,2007,16,31,39,0.794871794871795,53,48,48,nflverse
David Akers,K,PHI,2008,16,33,40,0.825,51,45,45,nflverse
Kris Brown,K,HOU,2008,16,29,33,0.878787878787879,53,37,37,nflverse
John Carney,K,NYG,2008,15,35,38,0.921052631578947,51,38,38,nflverse
Phil Dawson,K,CLE,2008,16,30,36,0.833333333333333,56,18,18,nflverse
Jason Elam,K,ATL,2008,16,29,31,0.935483870967742,50,42,42,nflverse
Martin Gramatica,K,NO,2008,5,6,10,0.6,53,16,16,nflverse
Jason Hanson,K,DET,2008,16,21,22,0.954545454545455,56,25,26,nflverse
John Kasay,K,CAR,2008,16,28,31,0.903225806451613,50,46,46,nflverse
Ryan Longwell,K,MIN,2008,16,29,34,0.852941176470588,54,40,40,nflverse
Olindo Mare,K,SEA,2008,16,24,27,0.888888888888889,51,30,30,nflverse
Joe Nedney,K,SF,2008,16,29,33,0.878787878787879,53,34,34,nflverse
Matt Stover,K,BAL,2008,16,27,33,0.818181818181818,47,41,41,nflverse
Adam Vinatieri,K,IND,2008,16,20,25,0.8,52,43,43,nflverse
Rian Lindell,K,BUF,2008,16,30,38,0.789473684210526,53,34,34,nflverse
Shayne Graham,K,CIN,2008,14,21,24,0.875,45,15,15,nflverse
Sebastian Janikowski,K,LV,2008,16,24,30,0.8,57,25,26,nflverse
Neil Rackers,K,ARI,2008,16,25,28,0.892857142857143,54,44,44,nflverse
Jay Feely,K,NYJ,2008,15,24,28,0.857142857142857,55,39,39,nflverse
Matt Bryant,K,TB,2008,16,32,38,0.842105263157895,49,35,36,nflverse
Jeff Reed,K,PIT,2008,16,27,31,0.870967741935484,53,36,37,nflverse
Rob Bironas,K,TEN,2008,16,29,33,0.878787878787879,51,40,40,nflverse
Josh Brown,K,LA,2008,16,31,36,0.861111111111111,54,19,19,nflverse
Nate Kaeding,K,LAC,2008,16,27,32,0.84375,57,46,46,nflverse
Josh Scobee,K,JAX,2008,16,19,25,0.76,53,33,33,nflverse
Shaun Suisham,K,WAS,2008,16,26,36,0.722222222222222,50,25,25,nflverse
Nick Novak,K,KC,2008,6,6,10,0.6,43,7,7,nflverse
Robbie Gould,K,CHI,2008,16,26,29,0.896551724137931,48,41,41,nflverse
Matt Prater,K,DEN,2008,16,25,34,0.735294117647059,56,39,40,nflverse
Stephen Gostkowski,K,NE,2008,16,36,40,0.9,50,40,40,nflverse
Nick Folk,K,DAL,2008,16,20,22,0.909090909090909,52,42,42,nflverse
Mason Crosby,K,GB,2008,16,27,34,0.794117647058824,53,46,46,nflverse
Garrett Hartley,K,NO,2008,8,13,13,1,47,28,28,nflverse
Dan Carpenter,K,MIA,2008,16,21,25,0.84,50,40,40,nflverse
Connor Barth,K,KC,2008,10,10,12,0.833333333333333,45,24,24,nflverse
David Akers,K,PHI,2009,16,32,37,0.864864864864865,52,43,45,nflverse
Kris Brown,K,HOU,2009,16,21,32,0.65625,56,43,44,nflverse
John Carney,K,NO,2009,11,13,17,0.764705882352941,46,50,52,nflverse
Phil Dawson,K,CLE,2009,11,17,19,0.894736842105263,49,18,19,nflverse
Jason Elam,K,ATL,2009,11,12,19,0.631578947368421,50,32,33,nflverse
Jason Hanson,K,DET,2009,16,21,28,0.75,50,25,25,nflverse
John Kasay,K,CAR,2009,16,22,27,0.814814814814815,50,31,32,nflverse
Ryan Longwell,K,MIN,2009,16,26,28,0.928571428571429,52,54,55,nflverse
Olindo Mare,K,SEA,2009,16,24,26,0.923076923076923,47,28,28,nflverse
Joe Nedney,K,SF,2009,14,17,21,0.80952380952381,51,33,33,nflverse
Matt Stover,K,IND,2009,10,9,11,0.818181818181818,43,33,33,nflverse
Rian Lindell,K,BUF,2009,16,28,33,0.848484848484848,56,24,24,nflverse
Shayne Graham,K,CIN,2009,16,23,28,0.821428571428571,53,28,29,nflverse
Sebastian Janikowski,K,LV,2009,16,26,29,0.896551724137931,61,17,17,nflverse
Neil Rackers,K,ARI,2009,14,16,17,0.941176470588235,48,37,38,nflverse
Jay Feely,K,NYJ,2009,16,30,36,0.833333333333333,55,32,32,nflverse
Lawrence Tynes,K,NYG,2009,16,27,32,0.84375,52,45,45,nflverse
Matt Bryant,K,ATL,2009,5,7,10,0.7,51,10,10,nflverse
Jeff Reed,K,PIT,2009,16,27,31,0.870967741935484,46,41,41,nflverse
Rob Bironas,K,TEN,2009,16,27,32,0.84375,53,37,37,nflverse
Billy Cundiff,K,BAL,2009,12,18,23,0.782608695652174,46,23,23,nflverse
Josh Brown,K,LA,2009,16,19,24,0.791666666666667,55,16,16,nflverse
Nate Kaeding,K,LAC,2009,16,32,35,0.914285714285714,55,50,51,nflverse
Josh Scobee,K,JAX,2009,16,18,28,0.642857142857143,52,30,31,nflverse
Shaun Suisham,K,DAL,2009,14,20,24,0.833333333333333,48,25,26,nflverse
Robbie Gould,K,CHI,2009,16,24,28,0.857142857142857,52,33,33,nflverse
Matt Prater,K,DEN,2009,16,30,35,0.857142857142857,51,32,32,nflverse
Stephen Gostkowski,K,NE,2009,16,26,31,0.838709677419355,53,47,47,nflverse
Nick Folk,K,DAL,2009,14,18,28,0.642857142857143,51,36,36,nflverse
Mason Crosby,K,GB,2009,16,27,36,0.75,52,48,49,nflverse
Garrett Hartley,K,NO,2009,5,9,11,0.818181818181818,38,10,11,nflverse
Steven Hauschka,K,BAL,2009,9,9,13,0.692307692307692,44,27,28,nflverse
Dan Carpenter,K,MIA,2009,16,25,28,0.892857142857143,52,37,38,nflverse
Connor Barth,K,TB,2009,9,14,19,0.736842105263158,54,12,12,nflverse
Ryan Succop,K,KC,2009,16,25,29,0.862068965517241,53,29,29,nflverse
David Akers,K,PHI,2010,16,32,38,0.842105263157895,50,47,47,nflverse
Phil Dawson,K,CLE,2010,16,23,28,0.821428571428571,48,28,28,nflverse
Jason Hanson,K,DET,2010,8,12,14,0.857142857142857,52,19,19,nflverse
John Kasay,K,CAR,2010,16,25,29,0.862068965517241,55,17,17,nflverse
Ryan Longwell,K,MIN,2010,16,17,18,0.944444444444444,48,30,31,nflverse
Olindo Mare,K,SEA,2010,16,25,30,0.833333333333333,51,31,31,nflverse
Joe Nedney,K,SF,2010,9,11,13,0.846153846153846,51,17,17,nflverse
Adam Vinatieri,K,IND,2010,16,26,28,0.928571428571429,48,51,51,nflverse
Rian Lindell,K,BUF,2010,16,16,21,0.761904761904762,51,31,32,nflverse
Shayne Graham,K,NE,2010,9,12,12,1,41,39,41,nflverse
Sebastian Janikowski,K,LV,2010,16,33,41,0.804878048780488,59,43,43,nflverse
Neil Rackers,K,HOU,2010,16,27,30,0.9,57,43,43,nflverse
Jay Feely,K,ARI,2010,16,24,27,0.888888888888889,55,29,29,nflverse
Lawrence Tynes,K,NYG,2010,15,19,23,0.826086956521739,53,43,43,nflverse
Matt Bryant,K,ATL,2010,16,28,31,0.903225806451613,51,44,44,nflverse
Jeff Reed,K,SF,2010,14,24,32,0.75,53,32,32,nflverse
Rob Bironas,K,TEN,2010,16,24,26,0.923076923076923,55,38,38,nflverse
Billy Cundiff,K,BAL,2010,16,26,29,0.896551724137931,49,39,39,nflverse
Josh Brown,K,LA,2010,16,33,39,0.846153846153846,53,26,27,nflverse
Nate Kaeding,K,LAC,2010,13,23,28,0.821428571428571,50,40,40,nflverse
Josh Scobee,K,JAX,2010,16,22,28,0.785714285714286,59,41,41,nflverse
Shaun Suisham,K,PIT,2010,7,14,15,0.933333333333333,48,19,19,nflverse
Robbie Gould,K,CHI,2010,16,25,30,0.833333333333333,54,35,35,nflverse
Mike Nugent,K,CIN,2010,9,15,19,0.789473684210526,54,17,17,nflverse
Dave Rayner,K,DET,2010,8,13,16,0.8125,55,16,16,nflverse
Matt Prater,K,DEN,2010,12,16,18,0.888888888888889,59,28,29,nflverse
Stephen Gostkowski,K,NE,2010,8,10,13,0.769230769230769,43,26,26,nflverse
Nick Folk,K,NYJ,2010,16,30,39,0.769230769230769,56,37,37,nflverse
Mason Crosby,K,GB,2010,16,22,28,0.785714285714286,56,46,46,nflverse
Garrett Hartley,K,NO,2010,14,20,25,0.8,52,40,40,nflverse
Dan Carpenter,K,MIA,2010,16,30,41,0.731707317073171,60,25,25,nflverse
Connor Barth,K,TB,2010,16,23,28,0.821428571428571,53,36,36,nflverse
Graham Gano,K,WAS,2010,16,24,35,0.685714285714286,49,28,28,nflverse
Ryan Succop,K,KC,2010,16,20,26,0.769230769230769,53,42,42,nflverse
David Buehler,K,DAL,2010,16,24,32,0.75,53,42,44,nflverse
David Akers,K,SF,2011,16,44,52,0.846153846153846,55,34,34,nflverse
Phil Dawson,K,CLE,2011,16,24,29,0.827586206896552,54,20,20,nflverse
Jason Hanson,K,DET,2011,16,24,29,0.827586206896552,51,54,54,nflverse
John Kasay,K,NO,2011,16,28,34,0.823529411764706,53,63,63,nflverse
Ryan Longwell,K,MIN,2011,16,22,28,0.785714285714286,53,38,39,nflverse
Olindo Mare,K,CAR,2011,16,22,28,0.785714285714286,45,44,45,nflverse
Adam Vinatieri,K,IND,2011,16,23,27,0.851851851851852,53,24,24,nflverse
Rian Lindell,K,BUF,2011,8,13,15,0.866666666666667,49,25,25,nflverse
Sebastian Janikowski,K,LV,2011,15,31,35,0.885714285714286,63,36,36,nflverse
Neil Rackers,K,HOU,2011,16,32,38,0.842105263157895,54,39,40,nflverse
Jay Feely,K,ARI,2011,16,19,24,0.791666666666667,51,33,33,nflverse
Lawrence Tynes,K,NYG,2011,16,19,24,0.791666666666667,50,43,43,nflverse
Matt Bryant,K,ATL,2011,16,27,29,0.931034482758621,51,45,45,nflverse
Rob Bironas,K,TEN,2011,16,29,32,0.90625,53,34,34,nflverse
Billy Cundiff,K,BAL,2011,15,28,37,0.756756756756757,51,38,38,nflverse
Josh Brown,K,LA,2011,16,21,28,0.75,49,18,18,nflverse
Josh Scobee,K,JAX,2011,16,23,25,0.92,55,24,24,nflverse
Shaun Suisham,K,PIT,2011,16,23,31,0.741935483870968,51,36,36,nflverse
Nick Novak,K,LAC,2011,15,27,34,0.794117647058824,53,41,42,nflverse
Robbie Gould,K,CHI,2011,16,28,32,0.875,57,37,37,nflverse
Mike Nugent,K,CIN,2011,16,33,38,0.868421052631579,49,33,34,nflverse
Dave Rayner,K,BUF,2011,8,10,15,0.666666666666667,56,13,13,nflverse
Matt Prater,K,DEN,2011,16,19,25,0.76,59,30,30,nflverse
Stephen Gostkowski,K,NE,2011,16,28,33,0.848484848484848,50,59,59,nflverse
Nick Folk,K,NYJ,2011,16,19,25,0.76,51,44,44,nflverse
Mason Crosby,K,GB,2011,16,24,28,0.857142857142857,58,68,69,nflverse
Steven Hauschka,K,SEA,2011,16,25,30,0.833333333333333,52,34,34,nflverse
Dan Carpenter,K,MIA,2011,14,29,34,0.852941176470588,58,26,26,nflverse
Connor Barth,K,TB,2011,16,26,28,0.928571428571429,55,23,23,nflverse
Graham Gano,K,WAS,2011,16,31,41,0.75609756097561,59,25,26,nflverse
Ryan Succop,K,KC,2011,16,24,30,0.8,54,20,20,nflverse
Alex Henery,K,PHI,2011,16,24,27,0.888888888888889,51,46,46,nflverse
Dan Bailey,K,DAL,2011,16,32,37,0.864864864864865,51,39,39,nflverse
David Akers,K,SF,2012,16,29,42,0.690476190476191,63,44,44,nflverse
Phil Dawson,K,CLE,2012,16,29,31,0.935483870967742,53,29,29,nflverse
Jason Hanson,K,DET,2012,16,32,36,0.888888888888889,53,38,38,nflverse
Adam Vinatieri,K,IND,2012,16,26,33,0.787878787878788,53,37,37,nflverse
Rian Lindell,K,BUF,2012,16,21,24,0.875,50,39,39,nflverse
Shayne Graham,K,HOU,2012,16,31,38,0.81578947368421,51,45,45,nflverse
Sebastian Janikowski,K,LV,2012,16,31,34,0.911764705882353,57,25,25,nflverse
Jay Feely,K,ARI,2012,16,25,28,0.892857142857143,61,25,25,nflverse
Lawrence Tynes,K,NYG,2012,16,33,39,0.846153846153846,50,46,46,nflverse
Matt Bryant,K,ATL,2012,16,33,38,0.868421052631579,55,44,44,nflverse
Rob Bironas,K,TEN,2012,16,25,31,0.806451612903226,53,35,35,nflverse
Billy Cundiff,K,WAS,2012,5,7,12,0.583333333333333,45,17,17,nflverse
Josh Brown,K,CIN,2012,4,11,12,0.916666666666667,52,8,8,nflverse
Nate Kaeding,K,MIA,2012,5,8,10,0.8,45,9,9,nflverse
Josh Scobee,K,JAX,2012,16,25,28,0.892857142857143,50,18,19,nflverse
Shaun Suisham,K,PIT,2012,16,28,31,0.903225806451613,52,34,34,nflverse
Nick Novak,K,LAC,2012,13,18,20,0.9,51,33,33,nflverse
Robbie Gould,K,CHI,2012,13,21,25,0.84,54,33,33,nflverse
Mike Nugent,K,CIN,2012,12,19,23,0.826086956521739,55,35,35,nflverse
Matt Prater,K,DEN,2012,16,26,32,0.8125,53,55,55,nflverse
Stephen Gostkowski,K,NE,2012,16,29,35,0.828571428571429,53,66,66,nflverse
Justin Medlock,K,CAR,2012,10,7,10,0.7,45,23,23,nflverse
Nick Folk,K,NYJ,2012,16,21,27,0.777777777777778,54,30,30,nflverse
Mason Crosby,K,GB,2012,16,21,33,0.636363636363636,54,50,50,nflverse
Garrett Hartley,K,NO,2012,16,18,22,0.818181818181818,53,57,57,nflverse
Steven Hauschka,K,SEA,2012,16,24,27,0.888888888888889,52,46,48,nflverse
Dan Carpenter,K,MIA,2012,14,22,27,0.814814814814815,53,26,26,nflverse
Connor Barth,K,TB,2012,15,28,33,0.848484848484848,57,39,39,nflverse
Graham Gano,K,CAR,2012,6,9,11,0.818181818181818,51,20,21,nflverse
Ryan Succop,K,KC,2012,16,28,34,0.823529411764706,52,17,17,nflverse
Alex Henery,K,PHI,2012,16,27,31,0.870967741935484,49,25,26,nflverse
Dan Bailey,K,DAL,2012,16,29,31,0.935483870967742,51,37,37,nflverse
Kai Forbath,K,WAS,2012,11,17,18,0.944444444444444,50,33,34,nflverse
Blair Walsh,K,MIN,2012,16,35,38,0.921052631578947,56,36,36,nflverse
Justin Tucker,K,BAL,2012,16,30,33,0.909090909090909,56,42,42,nflverse
Greg Zuerlein,K,LA,2012,16,23,31,0.741935483870968,60,26,26,nflverse
David Akers,K,DET,2013,16,19,24,0.791666666666667,53,42,43,nflverse
Phil Dawson,K,SF,2013,16,32,36,0.888888888888889,56,44,44,nflverse
Adam Vinatieri,K,IND,2013,15,35,40,0.875,52,34,34,nflverse
Rian Lindell,K,TB,2013,16,23,29,0.793103448275862,54,31,31,nflverse
Sebastian Janikowski,K,LV,2013,16,21,30,0.7,53,37,37,nflverse
Jay Feely,K,ARI,2013,16,30,36,0.833333333333333,52,37,37,nflverse
Matt Bryant,K,ATL,2013,16,24,27,0.888888888888889,53,39,39,nflverse
Rob Bironas,K,TEN,2013,16,25,29,0.862068965517241,55,41,41,nflverse
Billy Cundiff,K,CLE,2013,16,21,26,0.807692307692308,51,32,32,nflverse
Josh Brown,K,NYG,2013,16,23,26,0.884615384615385,52,31,31,nflverse
Josh Scobee,K,JAX,2013,16,23,25,0.92,55,22,23,nflverse
Shaun Suisham,K,PIT,2013,16,30,32,0.9375,48,39,39,nflverse
Nick Novak,K,LAC,2013,16,34,37,0.918918918918919,50,42,42,nflverse
Robbie Gould,K,CHI,2013,16,26,29,0.896551724137931,58,45,46,nflverse
Mike Nugent,K,CIN,2013,16,18,22,0.818181818181818,54,52,53,nflverse
Matt Prater,K,DEN,2013,16,25,26,0.961538461538461,64,75,75,nflverse
Stephen Gostkowski,K,NE,2013,16,38,41,0.926829268292683,54,44,44,nflverse
Nick Folk,K,NYJ,2013,16,33,36,0.916666666666667,54,27,27,nflverse
Mason Crosby,K,GB,2013,16,33,37,0.891891891891892,57,42,42,nflverse
Garrett Hartley,K,NO,2013,14,22,30,0.733333333333333,55,41,41,nflverse
Steven Hauschka,K,SEA,2013,16,33,35,0.942857142857143,53,44,44,nflverse
Dan Carpenter,K,BUF,2013,16,33,36,0.916666666666667,55,32,32,nflverse
Graham Gano,K,CAR,2013,16,24,27,0.888888888888889,55,42,42,nflverse
Ryan Succop,K,KC,2013,16,22,28,0.785714285714286,51,52,52,nflverse
Alex Henery,K,PHI,2013,16,23,28,0.821428571428571,51,45,45,nflverse
Dan Bailey,K,DAL,2013,16,28,30,0.933333333333333,53,47,47,nflverse
Kai Forbath,K,WAS,2013,13,18,22,0.818181818181818,50,26,26,nflverse
Randy Bullock,K,HOU,2013,16,26,35,0.742857142857143,51,26,26,nflverse
Blair Walsh,K,MIN,2013,16,26,30,0.866666666666667,54,43,44,nflverse
Justin Tucker,K,BAL,2013,16,38,41,0.926829268292683,61,26,26,nflverse
Greg Zuerlein,K,LA,2013,16,26,28,0.928571428571429,54,34,34,nflverse
Caleb Sturgis,K,MIA,2013,16,26,34,0.764705882352941,54,33,33,nflverse
Phil Dawson,K,SF,2014,16,25,31,0.806451612903226,55,33,33,nflverse
Adam Vinatieri,K,IND,2014,16,30,31,0.967741935483871,53,50,50,nflverse
Shayne Graham,K,NO,2014,16,19,22,0.863636363636364,50,46,47,nflverse
Sebastian Janikowski,K,LV,2014,16,19,22,0.863636363636364,57,28,28,nflverse
Matt Bryant,K,ATL,2014,16,29,32,0.90625,54,40,40,nflverse
Billy Cundiff,K,CLE,2014,13,22,29,0.758620689655172,52,28,28,nflverse
Josh Brown,K,NYG,2014,16,24,26,0.923076923076923,53,44,44,nflverse
Josh Scobee,K,JAX,2014,16,20,26,0.769230769230769,53,23,23,nflverse
Shaun Suisham,K,PIT,2014,16,29,32,0.90625,53,45,45,nflverse
Nick Novak,K,LAC,2014,16,22,26,0.846153846153846,52,40,40,nflverse
Robbie Gould,K,CHI,2014,12,9,12,0.75,45,28,29,nflverse
Mike Nugent,K,CIN,2014,16,26,33,0.787878787878788,49,39,39,nflverse
Matt Prater,K,DET,2014,11,21,26,0.807692307692308,52,21,21,nflverse
Stephen Gostkowski,K,NE,2014,16,35,37,0.945945945945946,53,51,51,nflverse
Nick Folk,K,NYJ,2014,16,32,39,0.82051282051282,55,23,23,nflverse
Mason Crosby,K,GB,2014,16,27,33,0.818181818181818,55,53,55,nflverse
Steven Hauschka,K,SEA,2014,16,31,37,0.837837837837838,58,41,41,nflverse
Dan Carpenter,K,BUF,2014,16,34,38,0.894736842105263,58,31,32,nflverse
Connor Barth,K,DEN,2014,5,15,16,0.9375,50,15,15,nflverse
Graham Gano,K,CAR,2014,16,29,35,0.828571428571429,53,34,34,nflverse
Ryan Succop,K,TEN,2014,16,19,22,0.863636363636364,51,27,27,nflverse
Dan Bailey,K,DAL,2014,16,25,29,0.862068965517241,56,56,56,nflverse
Kai Forbath,K,WAS,2014,16,24,27,0.888888888888889,49,31,32,nflverse
Randy Bullock,K,HOU,2014,16,30,35,0.857142857142857,55,40,40,nflverse
Blair Walsh,K,MIN,2014,16,26,35,0.742857142857143,55,29,29,nflverse
Justin Tucker,K,BAL,2014,16,29,34,0.852941176470588,55,42,42,nflverse
Greg Zuerlein,K,LA,2014,16,24,30,0.8,56,34,35,nflverse
Brandon McManus,K,DEN,2014,15,9,13,0.692307692307692,44,41,41,nflverse
Caleb Sturgis,K,MIA,2014,16,29,37,0.783783783783784,53,41,41,nflverse
Patrick Murray,K,TB,2014,16,20,24,0.833333333333333,55,31,31,nflverse
Cody Parkey,K,PHI,2014,16,32,36,0.888888888888889,54,54,54,nflverse
Chandler Catanzaro,K,ARI,2014,16,29,33,0.878787878787879,51,27,27,nflverse
Cairo Santos,K,KC,2014,16,25,30,0.833333333333333,53,38,38,nflverse
Phil Dawson,K,SF,2015,16,24,27,0.888888888888889,54,20,21,nflverse
Adam Vinatieri,K,IND,2015,16,25,27,0.925925925925926,55,32,35,nflverse
Shayne Graham,K,ATL,2015,5,11,13,0.846153846153846,54,8,8,nflverse
Sebastian Janikowski,K,LV,2015,16,21,26,0.807692307692308,56,38,39,nflverse
Matt Bryant,K,ATL,2015,10,14,18,0.777777777777778,47,26,26,nflverse
Josh Brown,K,NYG,2015,16,30,32,0.9375,53,44,45,nflverse
Josh Scobee,K,PIT,2015,4,6,10,0.6,45,6,7,nflverse
Nick Novak,K,HOU,2015,13,18,21,0.857142857142857,51,29,31,nflverse
Robbie Gould,K,CHI,2015,16,33,39,0.846153846153846,55,28,29,nflverse
Mike Nugent,K,CIN,2015,16,23,28,0.821428571428571,52,48,49,nflverse
Matt Prater,K,DET,2015,16,22,24,0.916666666666667,59,36,39,nflverse
Stephen Gostkowski,K,NE,2015,16,33,36,0.916666666666667,57,52,52,nflverse
Nick Folk,K,NYJ,2015,7,13,16,0.8125,55,19,19,nflverse
Mason Crosby,K,GB,2015,16,24,28,0.857142857142857,56,36,36,nflverse
Steven Hauschka,K,SEA,2015,16,29,31,0.935483870967742,54,40,44,nflverse
Dan Carpenter,K,BUF,2015,16,23,27,0.851851851851852,52,34,40,nflverse
Connor Barth,K,TB,2015,12,23,28,0.821428571428571,53,25,26,nflverse
Graham Gano,K,CAR,2015,16,30,36,0.833333333333333,52,56,59,nflverse
Ryan Succop,K,TEN,2015,16,14,16,0.875,51,29,31,nflverse
Dan Bailey,K,DAL,2015,16,30,32,0.9375,54,25,25,nflverse
Kai Forbath,K,NO,2015,11,10,15,0.666666666666667,57,34,35,nflverse
Randy Bullock,K,NYJ,2015,11,19,23,0.826086956521739,49,22,25,nflverse
Blair Walsh,K,MIN,2015,16,34,39,0.871794871794872,54,33,37,nflverse
Justin Tucker,K,BAL,2015,16,33,40,0.825,52,29,29,nflverse
Greg Zuerlein,K,LA,2015,14,20,30,0.666666666666667,61,26,28,nflverse
Brandon McManus,K,DEN,2015,16,30,35,0.857142857142857,57,35,36,nflverse
Dustin Hopkins,K,WAS,2015,15,25,28,0.892857142857143,54,39,40,nflverse
Caleb Sturgis,K,PHI,2015,13,18,22,0.818181818181818,53,35,37,nflverse
Chandler Catanzaro,K,ARI,2015,16,28,31,0.903225806451613,47,53,58,nflverse
Zach Hocker,K,LA,2015,8,10,14,0.714285714285714,51,12,13,nflverse
Travis Coons,K,CLE,2015,16,28,32,0.875,47,22,24,nflverse
Chris Boswell,K,PIT,2015,12,29,32,0.90625,51,26,27,nflverse
Cairo Santos,K,KC,2015,16,30,37,0.810810810810811,53,39,41,nflverse
Jason Myers,K,JAX,2015,16,26,30,0.866666666666667,58,32,39,nflverse
Kyle Brindza,K,TB,2015,4,6,12,0.5,58,6,8,nflverse
Andrew Franks,K,MIA,2015,16,13,16,0.8125,53,33,36,nflverse
Josh Lambo,K,LAC,2015,16,26,32,0.8125,54,28,32,nflverse
Phil Dawson,K,SF,2016,16,18,21,0.857142857142857,53,33,34,nflverse
Adam Vinatieri,K,IND,2016,16,27,31,0.870967741935484,54,44,44,nflverse
Sebastian Janikowski,K,LV,2016,16,29,35,0.828571428571429,56,37,39,nflverse
Matt Bryant,K,ATL,2016,16,34,37,0.918918918918919,59,56,57,nflverse
Josh Brown,K,NYG,2016,5,11,12,0.916666666666667,48,9,9,nflverse
Nick Novak,K,HOU,2016,16,35,41,0.853658536585366,53,22,25,nflverse
Robbie Gould,K,NYG,2016,10,10,10,1,47,20,23,nflverse
Mike Nugent,K,CIN,2016,13,23,29,0.793103448275862,47,23,29,nflverse
Matt Prater,K,DET,2016,16,31,36,0.861111111111111,58,31,33,nflverse
Stephen Gostkowski,K,NE,2016,16,27,32,0.84375,53,46,49,nflverse
Nick Folk,K,NYJ,2016,16,27,31,0.870967741935484,51,24,26,nflverse
Mason Crosby,K,GB,2016,16,26,30,0.866666666666667,53,44,47,nflverse
Steven Hauschka,K,SEA,2016,16,33,37,0.891891891891892,53,29,35,nflverse
Dan Carpenter,K,BUF,2016,16,19,25,0.76,54,40,45,nflverse
Connor Barth,K,CHI,2016,16,18,23,0.782608695652174,54,31,32,nflverse
Graham Gano,K,CAR,2016,16,30,38,0.789473684210526,54,31,34,nflverse
Ryan Succop,K,TEN,2016,16,22,24,0.916666666666667,53,39,41,nflverse
Dan Bailey,K,DAL,2016,16,27,32,0.84375,56,46,46,nflverse
Kai Forbath,K,MIN,2016,7,15,15,1,51,11,14,nflverse
Blair Walsh,K,MIN,2016,9,12,16,0.75,50,15,19,nflverse
Justin Tucker,K,BAL,2016,16,38,39,0.974358974358974,57,27,27,nflverse
Greg Zuerlein,K,LA,2016,16,19,22,0.863636363636364,54,23,23,nflverse
Brandon McManus,K,DEN,2016,16,29,34,0.852941176470588,55,32,33,nflverse
Dustin Hopkins,K,WAS,2016,16,34,42,0.80952380952381,53,36,39,nflverse
Caleb Sturgis,K,PHI,2016,16,35,41,0.853658536585366,55,30,31,nflverse
Cody Parkey,K,CLE,2016,14,20,25,0.8,51,20,21,nflverse
Chandler Catanzaro,K,ARI,2016,16,21,28,0.75,60,43,47,nflverse
Chris Boswell,K,PIT,2016,15,21,25,0.84,49,36,36,nflverse
Cairo Santos,K,KC,2016,16,31,35,0.885714285714286,54,36,39,nflverse
Jason Myers,K,JAX,2016,16,27,34,0.794117647058824,56,29,32,nflverse
Andrew Franks,K,MIA,2016,16,16,21,0.761904761904762,55,41,42,nflverse
Josh Lambo,K,LAC,2016,16,26,32,0.8125,47,42,46,nflverse
Wil Lutz,K,NO,2016,16,28,34,0.823529411764706,57,49,50,nflverse
Roberto Aguayo,K,TB,2016,16,22,31,0.709677419354839,43,32,34,nflverse
Phil Dawson,K,ARI,2017,16,32,40,0.8,57,23,26,nflverse
Adam Vinatieri,K,IND,2017,15,29,34,0.852941176470588,54,22,24,nflverse
Matt Bryant,K,ATL,2017,16,34,39,0.871794871794872,57,35,35,nflverse
Nick Novak,K,LAC,2017,7,9,13,0.692307692307692,50,17,18,nflverse
Robbie Gould,K,SF,2017,16,39,41,0.951219512195122,52,28,30,nflverse
Mike Nugent,K,CHI,2017,8,11,13,0.846153846153846,55,15,17,nflverse
Matt Prater,K,DET,2017,16,30,35,0.857142857142857,58,40,41,nflverse
Stephen Gostkowski,K,NE,2017,16,37,40,0.925,62,45,47,nflverse
Nick Folk,K,TB,2017,4,6,11,0.545454545454545,50,7,9,nflverse
Mason Crosby,K,GB,2017,16,15,19,0.789473684210526,50,33,35,nflverse
Steven Hauschka,K,BUF,2017,16,29,33,0.878787878787879,56,29,29,nflverse
Connor Barth,K,CHI,2017,10,11,16,0.6875,54,17,17,nflverse
Graham Gano,K,CAR,2017,16,29,30,0.966666666666667,48,34,37,nflverse
Ryan Succop,K,TEN,2017,16,35,42,0.833333333333333,52,31,33,nflverse
Dan Bailey,K,DAL,2017,12,15,20,0.75,56,26,28,nflverse
Kai Forbath,K,MIN,2017,16,32,38,0.842105263157895,53,34,39,nflverse
Giorgio Tavecchio,K,LV,2017,16,16,21,0.761904761904762,53,33,34,nflverse
Randy Bullock,K,CIN,2017,15,18,20,0.9,51,31,33,nflverse
Blair Walsh,K,SEA,2017,16,21,29,0.724137931034483,49,37,38,nflverse
Justin Tucker,K,BAL,2017,16,34,37,0.918918918918919,57,39,39,nflverse
Greg Zuerlein,K,LA,2017,14,38,40,0.95,56,44,46,nflverse
Brandon McManus,K,DEN,2017,16,24,32,0.75,53,27,27,nflverse
Dustin Hopkins,K,WAS,2017,8,14,17,0.823529411764706,49,18,19,nflverse
Patrick Murray,K,TB,2017,12,19,23,0.826086956521739,50,21,22,nflverse
Cody Parkey,K,MIA,2017,16,21,23,0.91304347826087,54,26,29,nflverse
Chandler Catanzaro,K,NYJ,2017,16,25,30,0.833333333333333,57,29,29,nflverse
Chris Boswell,K,PIT,2017,16,35,38,0.921052631578947,53,37,39,nflverse
Jason Myers,K,JAX,2017,6,11,15,0.733333333333333,47,15,17,nflverse
Josh Lambo,K,JAX,2017,10,19,20,0.95,56,22,24,nflverse
Wil Lutz,K,NO,2017,16,31,36,0.861111111111111,53,47,50,nflverse
Nick Rose,K,LAC,2017,10,11,14,0.785714285714286,55,23,26,nflverse
Ka'imi Fairbairn,K,HOU,2017,16,20,25,0.8,55,32,35,nflverse
Aldrick Rosas,K,NYG,2017,16,18,25,0.72,52,20,23,nflverse
Harrison Butker,K,KC,2017,13,38,42,0.904761904761905,53,28,28,nflverse
Jake Elliott,K,PHI,2017,15,26,31,0.838709677419355,61,39,42,nflverse
Zane Gonzalez,K,CLE,2017,16,15,20,0.75,54,25,26,nflverse
Adam Vinatieri,K,IND,2018,15,23,27,0.851851851851852,54,44,47,nflverse
Sebastian Janikowski,K,SEA,2018,16,22,27,0.814814814814815,56,48,51,nflverse
Matt Bryant,K,ATL,2018,13,20,21,0.952380952380952,57,33,35,nflverse
Robbie Gould,K,SF,2018,16,33,34,0.970588235294118,53,27,29,nflverse
Matt Prater,K,DET,2018,16,28,32,0.875,54,30,30,nflverse
Stephen Gostkowski,K,NE,2018,16,27,32,0.84375,52,49,50,nflverse
Mason Crosby,K,GB,2018,16,30,37,0.810810810810811,53,34,36,nflverse
Steven Hauschka,K,BUF,2018,16,22,27,0.814814814814815,54,25,26,nflverse
Graham Gano,K,CAR,2018,12,14,16,0.875,63,30,33,nflverse
Ryan Succop,K,TEN,2018,16,26,30,0.866666666666667,54,28,31,nflverse
Dan Bailey,K,MIN,2018,14,21,28,0.75,52,30,31,nflverse
Randy Bullock,K,CIN,2018,16,19,23,0.826086956521739,51,39,41,nflverse
Justin Tucker,K,BAL,2018,16,35,39,0.897435897435897,56,36,37,nflverse
Greg Zuerlein,K,LA,2018,11,27,31,0.870967741935484,56,35,36,nflverse
Brandon McManus,K,DEN,2018,16,20,25,0.8,53,35,35,nflverse
Dustin Hopkins,K,WAS,2018,16,26,29,0.896551724137931,56,25,26,nflverse
Brett Maher,K,DAL,2018,16,29,36,0.805555555555556,62,32,33,nflverse
Caleb Sturgis,K,LAC,2018,6,9,13,0.692307692307692,49,9,15,nflverse
Cody Parkey,K,CHI,2018,16,23,30,0.766666666666667,50,42,45,nflverse
Chandler Catanzaro,K,CAR,2018,13,16,20,0.8,59,30,35,nflverse
Chris Boswell,K,PIT,2018,15,13,20,0.65,50,43,48,nflverse
Cairo Santos,K,TB,2018,9,14,18,0.777777777777778,45,22,23,nflverse
Jason Myers,K,NYJ,2018,16,33,36,0.916666666666667,56,30,33,nflverse
Josh Lambo,K,JAX,2018,13,19,21,0.904761904761905,57,19,20,nflverse
Wil Lutz,K,NO,2018,16,28,30,0.933333333333333,54,52,53,nflverse
Ka'imi Fairbairn,K,HOU,2018,16,37,42,0.880952380952381,54,39,41,nflverse
Aldrick Rosas,K,NYG,2018,16,32,33,0.96969696969697,57,31,32,nflverse
Harrison Butker,K,KC,2018,16,24,27,0.888888888888889,54,65,69,nflverse
Jake Elliott,K,PHI,2018,16,26,31,0.838709677419355,56,33,35,nflverse
Zane Gonzalez,K,ARI,2018,7,9,14,0.642857142857143,55,8,11,nflverse
Mike Badgley,K,LAC,2018,10,15,16,0.9375,59,27,28,nflverse
Daniel Carlson,K,LV,2018,12,17,21,0.80952380952381,50,24,24,nflverse
Greg Joseph,K,CLE,2018,14,17,20,0.85,51,25,29,nflverse
Matt McCrane,K,PIT,2018,5,8,12,0.666666666666667,47,9,9,nflverse
Jason Sanders,K,MIA,2018,16,18,20,0.9,50,35,36,nflverse
Adam Vinatieri,K,IND,2019,12,17,25,0.68,55,22,28,nflverse
Matt Bryant,K,ATL,2019,7,9,14,0.642857142857143,52,14,15,nflverse
Robbie Gould,K,SF,2019,13,23,31,0.741935483870968,47,41,42,nflverse
Matt Prater,K,DET,2019,16,26,31,0.838709677419355,56,35,36,nflverse
Nick Folk,K,NE,2019,7,14,17,0.823529411764706,51,12,12,nflverse
Mason Crosby,K,GB,2019,16,22,24,0.916666666666667,54,40,41,nflverse
Steven Hauschka,K,BUF,2019,16,22,28,0.785714285714286,51,30,32,nflverse
Dan Bailey,K,MIN,2019,16,27,29,0.931034482758621,50,40,44,nflverse
Kai Forbath,K,DAL,2019,4,11,11,1,50,11,12,nflverse
Randy Bullock,K,CIN,2019,16,27,31,0.870967741935484,57,24,25,nflverse
Justin Tucker,K,BAL,2019,16,28,29,0.96551724137931,51,57,59,nflverse
Greg Zuerlein,K,LA,2019,16,24,33,0.727272727272727,58,42,42,nflverse
Brandon McManus,K,DEN,2019,16,29,34,0.852941176470588,53,25,26,nflverse
Dustin Hopkins,K,WAS,2019,16,25,30,0.833333333333333,53,21,22,nflverse
Brett Maher,K,DAL,2019,13,20,30,0.666666666666667,63,36,36,nflverse
Chris Boswell,K,PIT,2019,16,29,31,0.935483870967742,51,28,28,nflverse
Jason Myers,K,SEA,2019,16,23,28,0.821428571428571,54,40,44,nflverse
Josh Lambo,K,JAX,2019,16,33,34,0.970588235294118,56,19,20,nflverse
Wil Lutz,K,NO,2019,16,32,36,0.888888888888889,58,48,49,nflverse
Ka'imi Fairbairn,K,HOU,2019,16,20,25,0.8,54,40,45,nflverse
Aldrick Rosas,K,NYG,2019,16,12,17,0.705882352941177,45,35,39,nflverse
Sam Ficken,K,NYJ,2019,15,19,27,0.703703703703704,54,23,26,nflverse
Harrison Butker,K,KC,2019,16,34,38,0.894736842105263,56,45,48,nflverse
Younghoe Koo,K,ATL,2019,8,23,26,0.884615384615385,50,15,16,nflverse
Jake Elliott,K,PHI,2019,16,22,26,0.846153846153846,53,35,37,nflverse
Zane Gonzalez,K,ARI,2019,16,31,35,0.885714285714286,54,34,35,nflverse
Mike Badgley,K,LAC,2019,8,13,16,0.8125,49,19,19,nflverse
Daniel Carlson,K,LV,2019,16,19,26,0.730769230769231,48,34,36,nflverse
Eddy Pineiro,K,CHI,2019,16,23,28,0.821428571428571,53,27,29,nflverse
Jason Sanders,K,MIA,2019,16,23,30,0.766666666666667,54,29,30,nflverse
Austin Seibert,K,CLE,2019,16,25,29,0.862068965517241,53,30,35,nflverse
Joey Slye,K,CAR,2019,16,25,32,0.78125,55,31,35,nflverse
Matt Gay,K,TB,2019,16,27,35,0.771428571428571,58,43,48,nflverse
Chase McLaughlin,K,IND,2019,11,18,23,0.782608695652174,50,26,26,nflverse
Robbie Gould,K,SF,2020,15,19,23,0.826086956521739,52,36,38,nflverse
Matt Prater,K,DET,2020,16,21,28,0.75,59,38,41,nflverse
Stephen Gostkowski,K,TEN,2020,15,18,26,0.692307692307692,55,46,48,nflverse
Nick Folk,K,NE,2020,16,26,28,0.928571428571429,51,30,33,nflverse
Mason Crosby,K,GB,2020,16,16,16,1,57,59,63,nflverse
Graham Gano,K,NYG,2020,16,31,32,0.96875,55,21,23,nflverse
Ryan Succop,K,TB,2020,16,28,31,0.903225806451613,50,52,57,nflverse
Dan Bailey,K,MIN,2020,16,15,22,0.681818181818182,53,37,43,nflverse
Randy Bullock,K,CIN,2020,12,21,26,0.807692307692308,55,24,25,nflverse
Justin Tucker,K,BAL,2020,16,26,29,0.896551724137931,55,52,53,nflverse
Greg Zuerlein,K,DAL,2020,16,34,41,0.829268292682927,59,33,36,nflverse
Brandon McManus,K,DEN,2020,15,28,34,0.823529411764706,58,24,27,nflverse
Dustin Hopkins,K,WAS,2020,16,27,34,0.794117647058824,51,30,32,nflverse
Cody Parkey,K,CLE,2020,15,19,22,0.863636363636364,46,43,47,nflverse
Chris Boswell,K,PIT,2020,13,19,20,0.95,59,34,38,nflverse
Cairo Santos,K,CHI,2020,16,30,32,0.9375,55,36,37,nflverse
Sergio Castillo,K,NYJ,2020,6,8,13,0.615384615384615,55,6,7,nflverse
Jason Myers,K,SEA,2020,16,24,24,1,61,49,53,nflverse
Wil Lutz,K,NO,2020,16,23,28,0.821428571428571,53,57,58,nflverse
Ka'imi Fairbairn,K,HOU,2020,16,27,31,0.870967741935484,54,37,40,nflverse
Aldrick Rosas,K,JAX,2020,6,8,11,0.727272727272727,54,9,9,nflverse
Sam Ficken,K,NYJ,2020,9,13,15,0.866666666666667,54,12,15,nflverse
Harrison Butker,K,KC,2020,16,25,27,0.925925925925926,58,48,54,nflverse
Younghoe Koo,K,ATL,2020,15,37,39,0.948717948717949,54,33,36,nflverse
Jake Elliott,K,PHI,2020,16,14,19,0.736842105263158,54,24,26,nflverse
Zane Gonzalez,K,ARI,2020,12,16,22,0.727272727272727,56,38,39,nflverse
Mike Badgley,K,LAC,2020,16,24,33,0.727272727272727,53,36,39,nflverse
Daniel Carlson,K,LV,2020,16,33,35,0.942857142857143,54,45,47,nflverse
Jason Sanders,K,MIA,2020,16,36,39,0.923076923076923,56,36,36,nflverse
Joey Slye,K,CAR,2020,16,29,36,0.805555555555556,56,33,36,nflverse
Matt Gay,K,LA,2020,7,14,16,0.875,51,16,16,nflverse
Rodrigo Blankenship,K,IND,2020,16,32,37,0.864864864864865,53,43,45,nflverse
Tyler Bass,K,BUF,2020,16,28,34,0.823529411764706,58,57,59,nflverse
Sam Sloman,K,TEN,2020,8,10,13,0.769230769230769,47,23,26,nflverse
Robbie Gould,K,SF,2021,13,20,23,0.869565217391304,52,39,40,nflverse
Matt Prater,K,ARI,2021,17,30,37,0.810810810810811,62,47,49,nflverse
Nick Folk,K,NE,2021,17,36,39,0.923076923076923,53,42,47,nflverse
Mason Crosby,K,GB,2021,17,25,34,0.735294117647059,54,49,51,nflverse
Graham Gano,K,NYG,2021,17,29,33,0.878787878787879,55,17,17,nflverse
Ryan Succop,K,TB,2021,17,25,30,0.833333333333333,48,56,59,nflverse
Randy Bullock,K,TEN,2021,16,26,31,0.838709677419355,51,42,45,nflverse
Justin Tucker,K,BAL,2021,17,35,37,0.945945945945946,66,32,32,nflverse
Greg Zuerlein,K,DAL,2021,16,29,35,0.828571428571429,56,42,48,nflverse
Brandon McManus,K,DEN,2021,17,26,31,0.838709677419355,61,33,34,nflverse
Dustin Hopkins,K,LAC,2021,17,30,34,0.882352941176471,50,40,44,nflverse
Brett Maher,K,NO,2021,8,16,18,0.888888888888889,42,10,12,nflverse
Chris Boswell,K,PIT,2021,17,36,40,0.9,56,27,29,nflverse
Cairo Santos,K,CHI,2021,17,26,30,0.866666666666667,47,27,28,nflverse
Jason Myers,K,SEA,2021,17,17,23,0.739130434782609,53,44,47,nflverse
Ka'imi Fairbairn,K,HOU,2021,13,15,19,0.789473684210526,61,13,16,nflverse
Harrison Butker,K,KC,2021,16,25,28,0.892857142857143,56,47,49,nflverse
Younghoe Koo,K,ATL,2021,17,27,29,0.931034482758621,54,30,30,nflverse
Jake Elliott,K,PHI,2021,17,30,33,0.909090909090909,58,44,44,nflverse
Zane Gonzalez,K,CAR,2021,12,20,22,0.909090909090909,57,22,23,nflverse
Mike Badgley,K,IND,2021,13,18,22,0.818181818181818,46,40,41,nflverse
Daniel Carlson,K,LV,2021,17,40,43,0.930232558139535,56,30,33,nflverse
Greg Joseph,K,MIN,2021,17,33,38,0.868421052631579,55,36,40,nflverse
Jason Sanders,K,MIA,2021,17,23,31,0.741935483870968,51,34,35,nflverse
Austin Seibert,K,DET,2021,6,10,12,0.833333333333333,52,5,5,nflverse
Matthew Wright,K,JAX,2021,14,21,24,0.875,56,13,15,nflverse
Joey Slye,K,WAS,2021,12,23,25,0.92,56,18,22,nflverse
Matt Gay,K,LA,2021,17,32,34,0.941176470588235,55,48,49,nflverse
Chase McLaughlin,K,CLE,2021,16,15,21,0.714285714285714,57,36,37,nflverse
Rodrigo Blankenship,K,IND,2021,5,11,14,0.785714285714286,48,7,8,nflverse
Tyler Bass,K,BUF,2021,17,28,32,0.875,57,51,51,nflverse
Matt Ammendola,K,NYJ,2021,11,13,19,0.68421052631579,49,14,15,nflverse
Brian Johnson,K,WAS,2021,7,10,10,1,52,9,13,nflverse
Riley Patterson,K,DET,2021,7,13,14,0.928571428571429,49,16,16,nflverse
Evan McPherson,K,CIN,2021,16,28,33,0.848484848484848,58,46,48,nflverse
Robbie Gould,K,SF,2022,17,27,32,0.84375,51,50,51,nflverse
Matt Prater,K,ARI,2022,13,22,25,0.88,57,17,18,nflverse
Nick Folk,K,NE,2022,17,32,37,0.864864864864865,54,32,35,nflverse
Mason Crosby,K,GB,2022,17,25,29,0.862068965517241,56,37,39,nflverse
Graham Gano,K,NYG,2022,17,29,32,0.90625,57,32,34,nflverse
Ryan Succop,K,TB,2022,17,31,38,0.81578947368421,54,24,25,nflverse
Randy Bullock,K,TEN,2022,15,17,20,0.85,51,28,28,nflverse
Justin Tucker,K,BAL,2022,17,37,43,0.86046511627907,58,31,32,nflverse
Greg Zuerlein,K,NYJ,2022,17,30,37,0.810810810810811,60,28,29,nflverse
Brandon McManus,K,DEN,2022,17,28,36,0.777777777777778,55,25,27,nflverse
Dustin Hopkins,K,LAC,2022,5,9,10,0.9,43,12,12,nflverse
Brett Maher,K,DAL,2022,17,29,32,0.90625,60,50,53,nflverse
Chris Boswell,K,PIT,2022,12,20,28,0.714285714285714,59,18,18,nflverse
Cairo Santos,K,CHI,2022,16,21,23,0.91304347826087,51,27,32,nflverse
Jason Myers,K,SEA,2022,17,34,37,0.918918918918919,56,41,42,nflverse
Wil Lutz,K,NO,2022,17,23,31,0.741935483870968,60,33,33,nflverse
Ka'imi Fairbairn,K,HOU,2022,17,29,31,0.935483870967742,56,24,24,nflverse
Harrison Butker,K,KC,2022,13,18,24,0.75,62,38,41,nflverse
Younghoe Koo,K,ATL,2022,17,32,37,0.864864864864865,54,33,35,nflverse
Jake Elliott,K,PHI,2022,16,20,23,0.869565217391304,56,51,53,nflverse
Mike Badgley,K,DET,2022,13,24,28,0.857142857142857,53,33,33,nflverse
Daniel Carlson,K,LV,2022,17,34,37,0.918918918918919,57,35,36,nflverse
Eddy Pineiro,K,CAR,2022,17,33,35,0.942857142857143,54,30,32,nflverse
Greg Joseph,K,MIN,2022,17,26,33,0.787878787878788,61,40,46,nflverse
Jason Sanders,K,MIA,2022,17,26,32,0.8125,55,41,44,nflverse
Matthew Wright,K,PIT,2022,6,15,18,0.833333333333333,59,15,15,nflverse
Joey Slye,K,WAS,2022,17,25,30,0.833333333333333,58,24,28,nflverse
Matt Gay,K,LA,2022,17,28,30,0.933333333333333,58,31,32,nflverse
Chase McLaughlin,K,IND,2022,16,30,36,0.833333333333333,54,21,21,nflverse
Tyler Bass,K,BUF,2022,16,27,31,0.870967741935484,56,48,50,nflverse
Riley Patterson,K,JAX,2022,17,30,35,0.857142857142857,53,36,37,nflverse
Evan McPherson,K,CIN,2022,16,24,29,0.827586206896552,59,40,44,nflverse
Cameron Dicker,K,LAC,2022,11,21,22,0.954545454545455,48,24,24,nflverse
Cade York,K,CLE,2022,17,24,32,0.75,58,35,37,nflverse
Matt Prater,K,ARI,2023,17,28,33,0.848484848484848,62,22,23,nflverse
Nick Folk,K,TEN,2023,17,29,30,0.966666666666667,53,28,30,nflverse
Graham Gano,K,NYG,2023,8,11,17,0.647058823529412,57,8,8,nflverse
Justin Tucker,K,BAL,2023,17,32,37,0.864864864864865,50,51,52,nflverse
Greg Zuerlein,K,NYJ,2023,16,35,38,0.921052631578947,55,15,16,nflverse
Brandon McManus,K,JAX,2023,17,30,37,0.810810810810811,56,35,35,nflverse
Dustin Hopkins,K,CLE,2023,15,33,36,0.916666666666667,58,24,26,nflverse
Brett Maher,K,LA,2023,8,17,23,0.739130434782609,54,13,15,nflverse
Chris Boswell,K,PIT,2023,17,29,31,0.935483870967742,57,27,28,nflverse
Cairo Santos,K,CHI,2023,17,35,38,0.921052631578947,55,31,33,nflverse
Jason Myers,K,SEA,2023,17,35,42,0.833333333333333,55,33,33,nflverse
Wil Lutz,K,DEN,2023,17,30,34,0.882352941176471,52,29,31,nflverse
Ka'imi Fairbairn,K,HOU,2023,12,27,28,0.964285714285714,54,21,22,nflverse
Harrison Butker,K,KC,2023,17,33,35,0.942857142857143,60,38,38,nflverse
Younghoe Koo,K,ATL,2023,17,32,37,0.864864864864865,54,27,28,nflverse
Jake Elliott,K,PHI,2023,17,30,32,0.9375,61,45,46,nflverse
Daniel Carlson,K,LV,2023,17,26,30,0.866666666666667,54,32,32,nflverse
Eddy Pineiro,K,CAR,2023,15,25,29,0.862068965517241,56,17,20,nflverse
Greg Joseph,K,MIN,2023,17,24,30,0.8,54,36,38,nflverse
Jason Sanders,K,MIA,2023,17,24,28,0.857142857142857,57,58,59,nflverse
Joey Slye,K,WAS,2023,17,19,24,0.791666666666667,61,32,35,nflverse
Matt Gay,K,IND,2023,17,33,41,0.804878048780488,57,35,36,nflverse
Chase McLaughlin,K,TB,2023,17,29,31,0.935483870967742,57,33,33,nflverse
Tyler Bass,K,BUF,2023,17,24,29,0.827586206896552,54,49,50,nflverse
Riley Patterson,K,CLE,2023,15,16,18,0.888888888888889,52,41,44,nflverse
Evan McPherson,K,CIN,2023,17,26,31,0.838709677419355,56,40,40,nflverse
Cameron Dicker,K,LAC,2023,17,31,33,0.939393939393939,55,35,35,nflverse
Brandon Aubrey,K,DAL,2023,17,36,38,0.947368421052632,60,49,52,nflverse
Lucas Havrisik,K,LA,2023,9,15,20,0.75,52,19,22,nflverse
Anders Carlson,K,GB,2023,17,27,33,0.818181818181818,53,34,39,nflverse
Jake Moody,K,SF,2023,17,21,25,0.84,57,60,61,nflverse
Chad Ryland,K,NE,2023,17,16,25,0.64,56,24,25,nflverse
Blake Grupe,K,NO,2023,17,30,37,0.810810810810811,55,40,40,nflverse
Nick Folk,K,TEN,2024,14,21,22,0.954545454545455,56,25,25,nflverse
Graham Gano,K,NYG,2024,10,9,11,0.818181818181818,53,15,15,nflverse
Justin Tucker,K,BAL,2024,17,22,30,0.733333333333333,56,60,62,nflverse
Greg Zuerlein,K,NYJ,2024,8,9,15,0.6,40,13,14,nflverse
Brandon McManus,K,GB,2024,11,20,21,0.952380952380952,55,30,30,nflverse
Dustin Hopkins,K,CLE,2024,16,18,27,0.666666666666667,56,17,20,nflverse
Chris Boswell,K,PIT,2024,17,41,44,0.931818181818182,57,35,35,nflverse
Cairo Santos,K,CHI,2024,17,21,25,0.84,54,25,26,nflverse
Jason Myers,K,SEA,2024,17,26,30,0.866666666666667,59,37,40,nflverse
Wil Lutz,K,DEN,2024,17,31,34,0.911764705882353,55,46,46,nflverse
Ka'imi Fairbairn,K,HOU,2024,17,36,42,0.857142857142857,59,34,36,nflverse
Harrison Butker,K,KC,2024,13,21,25,0.84,53,29,31,nflverse
Younghoe Koo,K,ATL,2024,14,25,34,0.735294117647059,58,26,26,nflverse
Jake Elliott,K,PHI,2024,17,28,36,0.777777777777778,50,47,48,nflverse
Daniel Carlson,K,LV,2024,17,34,40,0.85,54,23,25,nflverse
Eddy Pineiro,K,CAR,2024,17,22,26,0.846153846153846,53,33,35,nflverse
Greg Joseph,K,NYJ,2024,8,16,20,0.8,52,11,11,nflverse
Jason Sanders,K,MIA,2024,17,37,41,0.902439024390244,57,26,28,nflverse
Austin Seibert,K,WAS,2024,9,27,30,0.9,55,22,24,nflverse
Matthew Wright,K,TEN,2024,5,15,16,0.9375,50,6,6,nflverse
Joey Slye,K,NE,2024,17,26,33,0.787878787878788,63,25,26,nflverse
Matt Gay,K,IND,2024,16,31,37,0.837837837837838,56,33,33,nflverse
Chase McLaughlin,K,TB,2024,17,30,32,0.9375,56,54,56,nflverse
Tyler Bass,K,BUF,2024,17,24,29,0.827586206896552,61,59,64,nflverse
Evan McPherson,K,CIN,2024,12,16,22,0.727272727272727,56,37,38,nflverse
Cameron Dicker,K,LAC,2024,17,39,42,0.928571428571429,59,33,36,nflverse
John Parker Romo,K,MIN,2024,4,11,12,0.916666666666667,55,7,8,nflverse
Brandon Aubrey,K,DAL,2024,17,40,47,0.851063829787234,65,30,30,nflverse
Cade York,K,CIN,2024,6,9,13,0.692307692307692,59,16,17,nflverse
Anders Carlson,K,NYJ,2024,7,13,15,0.866666666666667,58,12,15,nflverse
Jake Moody,K,SF,2024,14,24,34,0.705882352941177,53,32,33,nflverse
Chad Ryland,K,ARI,2024,13,28,32,0.875,58,26,27,nflverse
Blake Grupe,K,NO,2024,17,27,31,0.870967741935484,57,31,33,nflverse
Jake Bates,K,DET,2024,17,26,29,0.896551724137931,58,64,67,nflverse
Will Reichard,K,MIN,2024,13,24,30,0.8,58,38,38,nflverse
Cam Little,K,JAX,2024,17,27,29,0.931034482758621,59,27,27,nflverse
Brayden Narveson,K,TEN,2024,7,12,18,0.666666666666667,47,18,18,nflverse
Joshua Karty,K,LA,2024,17,29,34,0.852941176470588,58,32,36,nflverse
